2026/09/25 17:41:52.762, 0, 16.05, 0, 210, 31154
2026/09/25 17:41:52.770, 1, 6.01, 0, 180, 30710
2026/09/25 17:41:53.277, 0, 49.84, 26, 1800, 31154
2026/09/25 17:41:53.277, 1, 37.33, 65, 1597, 30710
2026/09/25 17:41:53.777, 0, 164.50, 42, 2880, 31154
2026/09/25 17:41:53.777, 1, 153.56, 47, 2857, 30710
2026/09/25 17:41:54.277, 0, 234.05, 41, 2880, 31154
2026/09/25 17:41:54.277, 1, 231.84, 50, 2857, 30710
2026/09/25 17:41:54.777, 0, 234.68, 42, 2880, 31154
2026/09/25 17:41:54.777, 1, 232.39, 46, 2857, 30710
2026/09/25 17:41:55.277, 0, 234.80, 42, 2880, 31154
2026/09/25 17:41:55.278, 1, 232.73, 47, 2857, 30710
2026/09/25 17:41:55.778, 0, 235.76, 44, 2880, 31154
2026/09/25 17:41:55.778, 1, 234.69, 49, 2857, 30710
2026/09/25 17:41:56.278, 0, 237.68, 42, 2880, 31154
2026/09/25 17:41:56.278, 1, 235.23, 51, 2857, 30710
2026/09/25 17:41:56.778, 0, 235.76, 41, 2880, 31154
2026/09/25 17:41:56.778, 1, 234.12, 49, 2857, 30710
2026/09/25 17:41:57.278, 0, 234.54, 43, 2880, 31154
2026/09/25 17:41:57.278, 1, 233.81, 51, 2857, 30710
2026/09/25 17:41:57.778, 0, 230.91, 64, 2895, 31822
2026/09/25 17:41:57.778, 1, 199.10, 0, 2872, 31170
2026/09/25 17:41:58.279, 0, 362.07, 87, 2820, 31842
2026/09/25 17:41:58.279, 1, 274.62, 73, 2797, 31290
2026/09/25 17:41:58.779, 0, 436.52, 51, 2872, 31842
2026/09/25 17:41:58.779, 1, 339.36, 51, 2820, 31290
2026/09/25 17:41:59.279, 0, 254.70, 0, 2880, 31842
2026/09/25 17:41:59.279, 1, 300.45, 0, 2850, 31290
2026/09/25 17:41:59.779, 0, 163.08, 0, 2910, 31842
2026/09/25 17:41:59.779, 1, 183.69, 0, 2880, 31290
2026/09/25 17:42:00.279, 0, 109.98, 0, 2910, 31844
2026/09/25 17:42:00.279, 1, 95.24, 0, 2880, 31290
2026/09/25 17:42:00.780, 0, 141.51, 0, 2880, 31844
2026/09/25 17:42:00.780, 1, 134.19, 0, 2857, 31290
2026/09/25 17:42:01.280, 0, 160.49, 40, 2910, 31844
2026/09/25 17:42:01.280, 1, 154.04, 48, 2880, 31290
2026/09/25 17:42:01.780, 0, 176.05, 41, 2880, 31844
2026/09/25 17:42:01.780, 1, 170.02, 47, 2857, 31290
2026/09/25 17:42:02.280, 0, 235.27, 41, 2880, 31844
2026/09/25 17:42:02.280, 1, 233.45, 47, 2857, 31290
2026/09/25 17:42:02.780, 0, 236.00, 40, 2880, 31844
2026/09/25 17:42:02.781, 1, 235.07, 47, 2857, 31290
2026/09/25 17:42:03.281, 0, 232.82, 41, 2880, 31844
2026/09/25 17:42:03.281, 1, 233.60, 46, 2857, 31290
2026/09/25 17:42:03.781, 0, 231.64, 39, 2880, 31844
2026/09/25 17:42:03.781, 1, 231.91, 48, 2857, 31290
2026/09/25 17:42:04.281, 0, 230.42, 40, 2880, 31844
2026/09/25 17:42:04.281, 1, 231.39, 48, 2857, 31290
2026/09/25 17:42:04.781, 0, 223.24, 42, 2880, 31844
2026/09/25 17:42:04.781, 1, 220.26, 37, 2857, 31290
2026/09/25 17:42:05.281, 0, 331.92, 93, 2812, 31844
2026/09/25 17:42:05.281, 1, 250.21, 100, 2827, 31330
2026/09/25 17:42:05.782, 0, 468.10, 90, 2820, 31844
2026/09/25 17:42:05.782, 1, 379.83, 83, 2790, 31330
2026/09/25 17:42:06.282, 0, 523.15, 91, 2812, 31844
2026/09/25 17:42:06.282, 1, 468.57, 80, 2790, 31330
2026/09/25 17:42:06.782, 0, 443.59, 68, 2872, 31844
2026/09/25 17:42:06.782, 1, 410.77, 34, 2812, 31330
2026/09/25 17:42:07.282, 0, 295.26, 4, 2872, 31844
2026/09/25 17:42:07.282, 1, 312.49, 0, 2842, 31330
2026/09/25 17:42:07.783, 0, 207.24, 39, 2887, 31844
2026/09/25 17:42:07.783, 1, 227.94, 44, 2865, 31330
2026/09/25 17:42:08.283, 0, 208.23, 37, 2880, 31844
2026/09/25 17:42:08.283, 1, 196.79, 41, 2857, 31330
2026/09/25 17:42:08.783, 0, 230.78, 41, 2880, 31844
2026/09/25 17:42:08.783, 1, 230.08, 46, 2850, 31330
2026/09/25 17:42:09.283, 0, 229.68, 42, 2880, 31844
2026/09/25 17:42:09.283, 1, 228.49, 46, 2842, 31330
2026/09/25 17:42:09.783, 0, 230.31, 36, 2880, 31844
2026/09/25 17:42:09.783, 1, 227.50, 42, 2850, 31330
2026/09/25 17:42:10.283, 0, 230.16, 36, 2880, 31844
2026/09/25 17:42:10.283, 1, 226.45, 42, 2857, 31330
2026/09/25 17:42:10.784, 0, 223.70, 37, 2880, 31844
2026/09/25 17:42:10.784, 1, 221.46, 45, 2857, 31332
2026/09/25 17:42:11.284, 0, 280.63, 100, 2850, 31844
2026/09/25 17:42:11.284, 1, 204.39, 95, 2880, 31352
2026/09/25 17:42:11.784, 0, 433.09, 91, 2820, 31844
2026/09/25 17:42:11.784, 1, 324.79, 85, 2790, 31352
2026/09/25 17:42:12.284, 0, 527.83, 91, 2812, 31844
2026/09/25 17:42:12.284, 1, 467.76, 81, 2790, 31352
2026/09/25 17:42:12.785, 0, 524.04, 91, 2812, 31844
2026/09/25 17:42:12.785, 1, 472.00, 81, 2790, 31352
2026/09/25 17:42:13.285, 0, 527.93, 96, 2820, 31844
2026/09/25 17:42:13.285, 1, 476.70, 81, 2790, 31352
2026/09/25 17:42:13.785, 0, 527.74, 100, 2812, 31844
2026/09/25 17:42:13.785, 1, 479.63, 100, 2790, 31352
2026/09/25 17:42:14.285, 0, 457.18, 100, 2842, 31844
2026/09/25 17:42:14.285, 1, 420.58, 100, 2835, 31352
2026/09/25 17:42:14.785, 0, 416.79, 0, 2812, 31844
2026/09/25 17:42:14.786, 1, 412.06, 100, 2782, 31352
2026/09/25 17:42:15.286, 0, 361.24, 54, 2865, 31844
2026/09/25 17:42:15.286, 1, 384.67, 26, 2827, 31352
2026/09/25 17:42:15.786, 0, 236.02, 40, 2880, 31844
2026/09/25 17:42:15.786, 1, 290.29, 48, 2850, 31352
2026/09/25 17:42:16.286, 0, 226.10, 42, 2880, 31844
2026/09/25 17:42:16.286, 1, 235.52, 47, 2850, 31352
2026/09/25 17:42:16.786, 0, 227.68, 37, 2880, 31844
2026/09/25 17:42:16.786, 1, 229.57, 44, 2850, 31352
2026/09/25 17:42:17.286, 0, 229.70, 41, 2880, 31844
2026/09/25 17:42:17.287, 1, 231.25, 47, 2850, 31352
2026/09/25 17:42:17.787, 0, 230.85, 36, 2880, 31844
2026/09/25 17:42:17.787, 1, 230.87, 42, 2850, 31352
2026/09/25 17:42:18.287, 0, 229.95, 39, 2880, 31844
2026/09/25 17:42:18.287, 1, 228.86, 44, 2850, 31352
2026/09/25 17:42:18.787, 0, 224.52, 29, 2872, 31844
2026/09/25 17:42:18.787, 1, 219.28, 10, 2850, 31352
2026/09/25 17:42:19.287, 0, 270.09, 100, 2857, 31844
2026/09/25 17:42:19.287, 1, 200.84, 93, 2880, 31352
2026/09/25 17:42:19.788, 0, 427.58, 91, 2812, 31844
2026/09/25 17:42:19.788, 1, 305.83, 83, 2790, 31352
2026/09/25 17:42:20.288, 0, 528.64, 91, 2812, 31844
2026/09/25 17:42:20.288, 1, 470.56, 82, 2782, 31352
2026/09/25 17:42:20.788, 0, 526.84, 91, 2812, 31844
2026/09/25 17:42:20.788, 1, 475.30, 81, 2782, 31352
2026/09/25 17:42:21.288, 0, 531.12, 96, 2812, 31844
2026/09/25 17:42:21.288, 1, 477.47, 81, 2790, 31352
2026/09/25 17:42:21.788, 0, 529.14, 100, 2812, 31844
2026/09/25 17:42:21.789, 1, 484.21, 100, 2790, 31352
2026/09/25 17:42:22.289, 0, 467.71, 100, 2842, 31844
2026/09/25 17:42:22.289, 1, 425.51, 100, 2842, 31352
2026/09/25 17:42:22.789, 0, 467.79, 97, 2812, 31844
2026/09/25 17:42:22.789, 1, 417.26, 100, 2782, 31352
2026/09/25 17:42:23.289, 0, 527.07, 92, 2812, 31844
2026/09/25 17:42:23.289, 1, 482.66, 80, 2782, 31352
2026/09/25 17:42:23.789, 0, 527.08, 92, 2812, 31844
2026/09/25 17:42:23.789, 1, 478.07, 82, 2782, 31352
2026/09/25 17:42:24.290, 0, 530.42, 96, 2812, 31844
2026/09/25 17:42:24.290, 1, 479.85, 80, 2790, 31352
2026/09/25 17:42:24.790, 0, 529.58, 100, 2812, 31844
2026/09/25 17:42:24.790, 1, 483.67, 100, 2790, 31352
2026/09/25 17:42:25.290, 0, 457.73, 100, 2850, 31844
2026/09/25 17:42:25.290, 1, 423.31, 100, 2835, 31352
2026/09/25 17:42:25.790, 0, 456.40, 92, 2812, 31844
2026/09/25 17:42:25.790, 1, 413.36, 93, 2782, 31352
2026/09/25 17:42:26.290, 0, 529.85, 96, 2812, 31844
2026/09/25 17:42:26.291, 1, 481.02, 81, 2782, 31352
2026/09/25 17:42:26.791, 0, 458.88, 15, 2835, 31844
2026/09/25 17:42:26.791, 1, 478.19, 73, 2790, 31352
2026/09/25 17:42:27.291, 0, 331.13, 0, 2887, 31844
2026/09/25 17:42:27.291, 1, 362.72, 0, 2812, 31352
2026/09/25 17:42:27.791, 0, 233.21, 42, 2887, 31844
2026/09/25 17:42:27.791, 1, 224.78, 48, 2842, 31352
2026/09/25 17:42:28.291, 0, 223.84, 41, 2880, 31844
2026/09/25 17:42:28.291, 1, 226.87, 47, 2850, 31352
2026/09/25 17:42:28.791, 0, 231.15, 40, 2880, 31844
2026/09/25 17:42:28.791, 1, 237.99, 47, 2842, 31352
2026/09/25 17:42:29.291, 0, 235.61, 41, 2880, 31844
2026/09/25 17:42:29.292, 1, 240.82, 49, 2850, 31352
2026/09/25 17:42:29.792, 0, 234.81, 41, 2880, 31844
2026/09/25 17:42:29.792, 1, 240.24, 47, 2850, 31352
2026/09/25 17:42:30.292, 0, 232.31, 41, 2880, 31844
2026/09/25 17:42:30.292, 1, 238.16, 48, 2850, 31352
2026/09/25 17:42:30.792, 0, 233.21, 40, 2880, 31844
2026/09/25 17:42:30.792, 1, 238.06, 47, 2842, 31352
2026/09/25 17:42:31.292, 0, 234.01, 40, 2880, 31844
2026/09/25 17:42:31.292, 1, 238.98, 48, 2850, 31352
2026/09/25 17:42:31.792, 0, 197.52, 0, 2895, 31844
2026/09/25 17:42:31.793, 1, 197.60, 0, 2857, 31352
2026/09/25 17:42:32.293, 0, 285.95, 96, 2812, 31844
2026/09/25 17:42:32.293, 1, 199.86, 68, 2850, 31352
2026/09/25 17:42:32.793, 0, 473.25, 91, 2812, 31844
2026/09/25 17:42:32.793, 1, 337.32, 82, 2782, 31352
2026/09/25 17:42:33.293, 0, 528.45, 91, 2812, 31844
2026/09/25 17:42:33.293, 1, 471.78, 82, 2790, 31352
2026/09/25 17:42:33.793, 0, 528.93, 100, 2812, 31844
2026/09/25 17:42:33.793, 1, 489.85, 92, 2790, 31352
2026/09/25 17:42:34.294, 0, 533.52, 100, 2812, 31844
2026/09/25 17:42:34.294, 1, 487.30, 100, 2782, 31352
2026/09/25 17:42:34.794, 0, 492.66, 0, 2812, 31844
2026/09/25 17:42:34.794, 1, 493.15, 100, 2782, 31352
2026/09/25 17:42:35.294, 0, 464.48, 100, 2812, 31844
2026/09/25 17:42:35.294, 1, 425.14, 100, 2820, 31352
2026/09/25 17:42:35.794, 0, 475.13, 92, 2812, 31844
2026/09/25 17:42:35.794, 1, 420.95, 92, 2775, 31352
2026/09/25 17:42:36.294, 0, 536.74, 96, 2812, 31844
2026/09/25 17:42:36.295, 1, 485.22, 85, 2782, 31352
2026/09/25 17:42:36.795, 0, 536.94, 96, 2812, 31844
2026/09/25 17:42:36.795, 1, 482.84, 81, 2782, 31352
2026/09/25 17:42:37.295, 0, 535.72, 96, 2812, 31844
2026/09/25 17:42:37.295, 1, 484.29, 81, 2782, 31352
2026/09/25 17:42:37.795, 0, 477.22, 0, 2827, 31844
2026/09/25 17:42:37.795, 1, 493.84, 100, 2790, 31352
2026/09/25 17:42:38.295, 0, 462.53, 100, 2812, 31844
2026/09/25 17:42:38.295, 1, 425.79, 100, 2812, 31352
2026/09/25 17:42:38.796, 0, 526.46, 96, 2812, 31844
2026/09/25 17:42:38.796, 1, 431.36, 100, 2782, 31352
2026/09/25 17:42:39.296, 0, 536.00, 96, 2812, 31844
2026/09/25 17:42:39.296, 1, 488.81, 80, 2782, 31352
2026/09/25 17:42:39.796, 0, 536.63, 96, 2812, 31844
2026/09/25 17:42:39.796, 1, 484.23, 85, 2782, 31352
2026/09/25 17:42:40.296, 0, 537.51, 96, 2812, 31844
2026/09/25 17:42:40.296, 1, 488.03, 81, 2782, 31352
2026/09/25 17:42:40.797, 0, 478.75, 0, 2820, 31844
2026/09/25 17:42:40.797, 1, 491.82, 100, 2782, 31352
2026/09/25 17:42:41.297, 0, 462.18, 100, 2812, 31844
2026/09/25 17:42:41.297, 1, 429.08, 100, 2812, 31352
2026/09/25 17:42:41.797, 0, 486.91, 96, 2812, 31844
2026/09/25 17:42:41.797, 1, 429.63, 96, 2782, 31352
2026/09/25 17:42:42.297, 0, 536.32, 96, 2812, 31844
2026/09/25 17:42:42.297, 1, 485.56, 83, 2782, 31352
2026/09/25 17:42:42.797, 0, 535.31, 94, 2812, 31844
2026/09/25 17:42:42.797, 1, 485.86, 84, 2782, 31352
2026/09/25 17:42:43.298, 0, 538.14, 100, 2812, 31844
2026/09/25 17:42:43.298, 1, 490.04, 99, 2782, 31352
2026/09/25 17:42:43.798, 0, 487.74, 0, 2812, 31844
2026/09/25 17:42:43.798, 1, 489.27, 100, 2782, 31352
2026/09/25 17:42:44.298, 0, 467.07, 96, 2812, 31844
2026/09/25 17:42:44.298, 1, 415.85, 94, 2820, 31352
2026/09/25 17:42:44.798, 0, 509.28, 96, 2812, 31844
2026/09/25 17:42:44.798, 1, 414.76, 84, 2782, 31352
2026/09/25 17:42:45.298, 0, 535.47, 96, 2812, 31844
2026/09/25 17:42:45.299, 1, 484.49, 83, 2782, 31352
2026/09/25 17:42:45.799, 0, 536.62, 100, 2812, 31844
2026/09/25 17:42:45.799, 1, 492.30, 100, 2790, 31352
2026/09/25 17:42:46.299, 0, 536.00, 100, 2812, 31844
2026/09/25 17:42:46.299, 1, 488.52, 100, 2782, 31352
2026/09/25 17:42:46.799, 0, 513.30, 39, 2812, 31844
2026/09/25 17:42:46.799, 1, 487.86, 84, 2782, 31352
2026/09/25 17:42:47.299, 0, 464.61, 96, 2812, 31844
2026/09/25 17:42:47.299, 1, 413.69, 79, 2842, 31352
2026/09/25 17:42:47.800, 0, 393.87, 100, 2880, 31844
2026/09/25 17:42:47.800, 1, 359.19, 0, 2790, 31352
2026/09/25 17:42:48.300, 0, 290.04, 36, 2895, 31844
2026/09/25 17:42:48.300, 1, 340.19, 42, 2835, 31354
2026/09/25 17:42:48.800, 0, 246.55, 42, 2880, 31844
2026/09/25 17:42:48.800, 1, 275.27, 48, 2842, 31354
2026/09/25 17:42:49.300, 0, 228.84, 37, 2880, 31844
2026/09/25 17:42:49.300, 1, 241.14, 44, 2850, 31354
2026/09/25 17:42:49.800, 0, 234.12, 41, 2880, 31844
2026/09/25 17:42:49.800, 1, 241.03, 48, 2842, 31354
2026/09/25 17:42:50.301, 0, 234.30, 41, 2880, 31844
2026/09/25 17:42:50.301, 1, 240.85, 48, 2850, 31354
2026/09/25 17:42:50.801, 0, 232.91, 41, 2880, 31844
2026/09/25 17:42:50.801, 1, 240.34, 48, 2850, 31354
2026/09/25 17:42:51.301, 0, 231.16, 38, 2880, 31844
2026/09/25 17:42:51.301, 1, 235.01, 42, 2850, 31354
2026/09/25 17:42:51.801, 0, 228.84, 37, 2872, 31844
2026/09/25 17:42:51.801, 1, 229.69, 43, 2850, 31354
2026/09/25 17:42:52.301, 0, 203.00, 0, 2880, 31844
2026/09/25 17:42:52.301, 1, 202.29, 0, 2857, 31354
2026/09/25 17:42:52.802, 0, 148.24, 0, 2880, 31844
2026/09/25 17:42:52.802, 1, 140.65, 0, 2865, 31354
2026/09/25 17:42:53.302, 0, 144.38, 31, 2880, 31844
2026/09/25 17:42:53.302, 1, 133.07, 60, 2865, 31354
2026/09/25 17:42:53.802, 0, 200.04, 41, 2880, 31844
2026/09/25 17:42:53.802, 1, 186.78, 48, 2842, 31354
2026/09/25 17:42:54.302, 0, 236.01, 42, 2880, 31844
2026/09/25 17:42:54.302, 1, 241.04, 50, 2842, 31354
2026/09/25 17:42:54.802, 0, 237.81, 42, 2880, 31844
2026/09/25 17:42:54.802, 1, 242.42, 46, 2842, 31354
2026/09/25 17:42:55.303, 0, 236.35, 42, 2880, 31844
2026/09/25 17:42:55.303, 1, 242.74, 49, 2842, 31354
2026/09/25 17:42:55.803, 0, 236.14, 43, 2880, 31844
2026/09/25 17:42:55.803, 1, 241.98, 46, 2842, 31354
2026/09/25 17:42:56.303, 0, 237.24, 41, 2880, 31844
2026/09/25 17:42:56.303, 1, 240.97, 48, 2842, 31354
2026/09/25 17:42:56.803, 0, 239.26, 41, 2880, 31844
2026/09/25 17:42:56.803, 1, 242.04, 48, 2850, 31354
2026/09/25 17:42:57.303, 0, 239.51, 41, 2880, 31844
2026/09/25 17:42:57.303, 1, 242.80, 46, 2842, 31354
2026/09/25 17:42:57.803, 0, 249.22, 1, 2842, 31844
2026/09/25 17:42:57.804, 1, 238.09, 93, 2865, 31354
2026/09/25 17:42:58.304, 0, 305.39, 100, 2872, 31844
2026/09/25 17:42:58.304, 1, 229.11, 0, 2820, 31354
2026/09/25 17:42:58.804, 0, 279.81, 36, 2887, 31844
2026/09/25 17:42:58.804, 1, 285.38, 41, 2842, 31354
2026/09/25 17:42:59.304, 0, 215.37, 40, 2880, 31844
2026/09/25 17:42:59.304, 1, 270.48, 49, 2842, 31354
2026/09/25 17:42:59.804, 0, 233.41, 43, 2880, 31844
2026/09/25 17:42:59.804, 1, 241.12, 49, 2850, 31354
2026/09/25 17:43:00.304, 0, 235.36, 42, 2880, 31844
2026/09/25 17:43:00.305, 1, 239.15, 50, 2850, 31354
2026/09/25 17:43:00.805, 0, 236.66, 43, 2880, 31844
2026/09/25 17:43:00.805, 1, 239.95, 46, 2842, 31354
2026/09/25 17:43:01.305, 0, 236.58, 42, 2880, 31844
2026/09/25 17:43:01.305, 1, 239.70, 46, 2850, 31354
2026/09/25 17:43:01.805, 0, 235.34, 42, 2880, 31844
2026/09/25 17:43:01.805, 1, 238.42, 46, 2850, 31354
2026/09/25 17:43:02.305, 0, 235.27, 41, 2880, 31844
2026/09/25 17:43:02.305, 1, 239.00, 49, 2850, 31354
2026/09/25 17:43:02.805, 0, 236.24, 40, 2880, 31844
2026/09/25 17:43:02.805, 1, 238.71, 48, 2850, 31354
2026/09/25 17:43:03.306, 0, 264.51, 100, 2887, 31844
2026/09/25 17:43:03.306, 1, 197.84, 7, 2857, 31354
2026/09/25 17:43:03.806, 0, 394.38, 100, 2820, 31844
2026/09/25 17:43:03.806, 1, 309.91, 82, 2797, 31354
2026/09/25 17:43:04.306, 0, 391.44, 1, 2842, 31844
2026/09/25 17:43:04.306, 1, 380.51, 99, 2842, 31354
2026/09/25 17:43:04.806, 0, 267.00, 40, 2887, 31844
2026/09/25 17:43:04.806, 1, 324.24, 48, 2820, 31354
2026/09/25 17:43:05.306, 0, 250.17, 36, 2887, 31844
2026/09/25 17:43:05.307, 1, 245.39, 43, 2850, 31354
2026/09/25 17:43:05.807, 0, 227.27, 39, 2887, 31844
2026/09/25 17:43:05.807, 1, 229.72, 45, 2850, 31354
2026/09/25 17:43:06.307, 0, 227.29, 40, 2887, 31844
2026/09/25 17:43:06.307, 1, 231.58, 48, 2850, 31354
2026/09/25 17:43:06.807, 0, 231.27, 39, 2887, 31844
2026/09/25 17:43:06.807, 1, 232.71, 47, 2850, 31354
2026/09/25 17:43:07.307, 0, 229.74, 35, 2887, 31844
2026/09/25 17:43:07.307, 1, 233.40, 42, 2850, 31354
2026/09/25 17:43:07.807, 0, 222.99, 22, 2887, 31844
2026/09/25 17:43:07.808, 1, 227.04, 26, 2850, 31354
2026/09/25 17:43:08.308, 0, 299.98, 100, 2835, 31844
2026/09/25 17:43:08.308, 1, 224.74, 72, 2865, 31354
2026/09/25 17:43:08.808, 0, 430.64, 100, 2812, 31844
2026/09/25 17:43:08.808, 1, 334.74, 100, 2797, 31354
2026/09/25 17:43:09.308, 0, 517.78, 100, 2812, 31844
2026/09/25 17:43:09.308, 1, 468.68, 100, 2782, 31354
2026/09/25 17:43:09.808, 0, 490.83, 0, 2812, 31844
2026/09/25 17:43:09.808, 1, 470.53, 100, 2782, 31354
2026/09/25 17:43:10.308, 0, 399.71, 92, 2857, 31844
2026/09/25 17:43:10.309, 1, 377.20, 0, 2820, 31354
2026/09/25 17:43:10.809, 0, 257.44, 40, 2895, 31844
2026/09/25 17:43:10.809, 1, 279.83, 49, 2842, 31354
2026/09/25 17:43:11.309, 0, 249.71, 41, 2880, 31844
2026/09/25 17:43:11.309, 1, 243.46, 49, 2850, 31354
2026/09/25 17:43:11.809, 0, 235.33, 40, 2880, 31844
2026/09/25 17:43:11.809, 1, 238.10, 46, 2850, 31354
2026/09/25 17:43:12.309, 0, 234.84, 43, 2880, 31844
2026/09/25 17:43:12.309, 1, 237.24, 45, 2850, 31354
2026/09/25 17:43:12.809, 0, 235.42, 40, 2880, 31844
2026/09/25 17:43:12.810, 1, 236.58, 49, 2850, 31354
2026/09/25 17:43:13.310, 0, 237.71, 41, 2880, 31844
2026/09/25 17:43:13.310, 1, 237.23, 45, 2850, 31354
2026/09/25 17:43:13.810, 0, 239.16, 40, 2880, 31844
2026/09/25 17:43:13.810, 1, 239.92, 47, 2842, 31354
2026/09/25 17:43:14.310, 0, 238.46, 42, 2880, 31844
2026/09/25 17:43:14.310, 1, 241.37, 48, 2842, 31354
2026/09/25 17:43:14.810, 0, 237.96, 43, 2880, 31844
2026/09/25 17:43:14.810, 1, 240.44, 49, 2842, 31354
2026/09/25 17:43:15.310, 0, 228.66, 45, 2887, 31846
2026/09/25 17:43:15.311, 1, 228.26, 45, 2850, 31354
2026/09/25 17:43:15.811, 0, 319.39, 89, 2805, 31846
2026/09/25 17:43:15.811, 1, 233.22, 69, 2850, 31354
2026/09/25 17:43:16.311, 0, 471.21, 90, 2812, 31846
2026/09/25 17:43:16.311, 1, 361.23, 79, 2782, 31354
2026/09/25 17:43:16.811, 0, 521.72, 90, 2812, 31846
2026/09/25 17:43:16.811, 1, 464.04, 79, 2782, 31354
2026/09/25 17:43:17.311, 0, 527.87, 96, 2812, 31846
2026/09/25 17:43:17.312, 1, 471.92, 80, 2790, 31354
2026/09/25 17:43:17.812, 0, 530.23, 100, 2812, 31846
2026/09/25 17:43:17.812, 1, 479.64, 95, 2790, 31354
2026/09/25 17:43:18.312, 0, 472.81, 0, 2812, 31846
2026/09/25 17:43:18.312, 1, 480.96, 100, 2782, 31354
2026/09/25 17:43:18.812, 0, 459.58, 100, 2812, 31846
2026/09/25 17:43:18.812, 1, 415.33, 100, 2820, 31354
2026/09/25 17:43:19.312, 0, 473.75, 90, 2812, 31846
2026/09/25 17:43:19.312, 1, 413.96, 100, 2775, 31354
2026/09/25 17:43:19.812, 0, 436.17, 23, 2865, 31846
2026/09/25 17:43:19.813, 1, 412.31, 79, 2820, 31354
2026/09/25 17:43:20.313, 0, 276.31, 41, 2887, 31846
2026/09/25 17:43:20.313, 1, 334.92, 50, 2842, 31354
2026/09/25 17:43:20.813, 0, 228.52, 40, 2887, 31846
2026/09/25 17:43:20.813, 1, 273.26, 49, 2850, 31354
2026/09/25 17:43:21.313, 0, 230.53, 42, 2887, 31846
2026/09/25 17:43:21.313, 1, 234.24, 48, 2850, 31354
2026/09/25 17:43:21.813, 0, 229.18, 43, 2887, 31846
2026/09/25 17:43:21.813, 1, 231.29, 48, 2850, 31354
2026/09/25 17:43:22.313, 0, 228.65, 41, 2887, 31846
2026/09/25 17:43:22.313, 1, 229.86, 46, 2850, 31354
2026/09/25 17:43:22.814, 0, 230.37, 37, 2887, 31846
2026/09/25 17:43:22.814, 1, 232.13, 42, 2850, 31354
2026/09/25 17:43:23.314, 0, 223.79, 39, 2887, 31846
2026/09/25 17:43:23.314, 1, 222.90, 35, 2850, 31354
2026/09/25 17:43:23.814, 0, 267.53, 100, 2857, 31846
2026/09/25 17:43:23.814, 1, 195.30, 100, 2880, 31354
2026/09/25 17:43:24.314, 0, 405.62, 92, 2812, 31846
2026/09/25 17:43:24.314, 1, 320.45, 100, 2782, 31354
2026/09/25 17:43:24.814, 0, 526.80, 91, 2812, 31846
2026/09/25 17:43:24.815, 1, 467.82, 89, 2782, 31354
2026/09/25 17:43:25.315, 0, 525.54, 90, 2812, 31846
2026/09/25 17:43:25.315, 1, 478.11, 80, 2775, 31354
2026/09/25 17:43:25.815, 0, 527.59, 91, 2812, 31846
2026/09/25 17:43:25.815, 1, 472.33, 80, 2782, 31354
2026/09/25 17:43:26.315, 0, 521.34, 69, 2812, 31846
2026/09/25 17:43:26.315, 1, 475.08, 80, 2782, 31354
2026/09/25 17:43:26.815, 0, 466.46, 91, 2812, 31846
2026/09/25 17:43:26.815, 1, 416.65, 81, 2842, 31354
2026/09/25 17:43:27.315, 0, 469.84, 96, 2812, 31846
2026/09/25 17:43:27.316, 1, 419.98, 80, 2790, 31354
2026/09/25 17:43:27.816, 0, 527.94, 100, 2812, 31846
2026/09/25 17:43:27.816, 1, 484.01, 100, 2790, 31354
2026/09/25 17:43:28.316, 0, 525.68, 100, 2812, 31846
2026/09/25 17:43:28.316, 1, 481.15, 100, 2782, 31354
2026/09/25 17:43:28.816, 0, 527.17, 91, 2812, 31846
2026/09/25 17:43:28.816, 1, 479.61, 95, 2782, 31354
2026/09/25 17:43:29.316, 0, 510.62, 36, 2812, 31846
2026/09/25 17:43:29.316, 1, 474.06, 80, 2782, 31354
2026/09/25 17:43:29.817, 0, 458.52, 91, 2812, 31846
2026/09/25 17:43:29.817, 1, 412.66, 81, 2835, 31354
2026/09/25 17:43:30.317, 0, 464.86, 91, 2812, 31846
2026/09/25 17:43:30.317, 1, 414.43, 81, 2782, 31354
2026/09/25 17:43:30.817, 0, 528.57, 100, 2812, 31846
2026/09/25 17:43:30.817, 1, 483.45, 95, 2790, 31354
2026/09/25 17:43:31.317, 0, 527.21, 100, 2805, 31846
2026/09/25 17:43:31.317, 1, 482.41, 100, 2782, 31354
2026/09/25 17:43:31.817, 0, 493.47, 13, 2812, 31846
2026/09/25 17:43:31.818, 1, 477.12, 89, 2782, 31354
2026/09/25 17:43:32.318, 0, 384.38, 72, 2850, 31846
2026/09/25 17:43:32.318, 1, 400.18, 16, 2835, 31354
2026/09/25 17:43:32.818, 0, 275.76, 36, 2902, 31846
2026/09/25 17:43:32.818, 1, 289.66, 41, 2820, 31354
2026/09/25 17:43:33.318, 0, 248.92, 40, 2880, 31846
2026/09/25 17:43:33.318, 1, 255.68, 49, 2850, 31354
2026/09/25 17:43:33.818, 0, 228.59, 36, 2880, 31846
2026/09/25 17:43:33.818, 1, 232.82, 45, 2850, 31354
2026/09/25 17:43:34.319, 0, 235.41, 41, 2880, 31846
2026/09/25 17:43:34.319, 1, 238.27, 48, 2842, 31354
2026/09/25 17:43:34.819, 0, 237.14, 42, 2880, 31846
2026/09/25 17:43:34.819, 1, 242.09, 47, 2850, 31354
2026/09/25 17:43:35.319, 0, 237.68, 41, 2880, 31846
2026/09/25 17:43:35.319, 1, 240.15, 47, 2850, 31354
2026/09/25 17:43:35.819, 0, 235.88, 40, 2880, 31846
2026/09/25 17:43:35.819, 1, 238.97, 46, 2850, 31354
2026/09/25 17:43:36.319, 0, 234.08, 41, 2880, 31846
2026/09/25 17:43:36.320, 1, 237.78, 49, 2850, 31354
2026/09/25 17:43:36.820, 0, 236.48, 42, 2880, 31846
2026/09/25 17:43:36.820, 1, 239.02, 47, 2850, 31354
2026/09/25 17:43:37.320, 0, 223.48, 13, 2887, 31846
2026/09/25 17:43:37.320, 1, 222.99, 31, 2850, 31354
2026/09/25 17:43:37.820, 0, 231.81, 100, 2880, 31846
2026/09/25 17:43:37.820, 1, 156.42, 38, 2880, 31354
2026/09/25 17:43:38.320, 0, 392.50, 91, 2812, 31846
2026/09/25 17:43:38.320, 1, 286.52, 80, 2790, 31354
2026/09/25 17:43:38.820, 0, 528.68, 91, 2812, 31846
2026/09/25 17:43:38.820, 1, 470.84, 82, 2790, 31354
2026/09/25 17:43:39.321, 0, 531.79, 97, 2812, 31846
2026/09/25 17:43:39.321, 1, 476.05, 80, 2782, 31354
2026/09/25 17:43:39.821, 0, 532.41, 100, 2812, 31846
2026/09/25 17:43:39.821, 1, 486.83, 91, 2782, 31354
2026/09/25 17:43:40.321, 0, 531.76, 100, 2812, 31846
2026/09/25 17:43:40.321, 1, 485.80, 100, 2782, 31354
2026/09/25 17:43:40.821, 0, 462.42, 100, 2842, 31846
2026/09/25 17:43:40.821, 1, 428.87, 100, 2835, 31354
2026/09/25 17:43:41.321, 0, 472.35, 100, 2812, 31846
2026/09/25 17:43:41.322, 1, 419.71, 100, 2782, 31354
2026/09/25 17:43:41.822, 0, 534.45, 95, 2812, 31846
2026/09/25 17:43:41.822, 1, 481.12, 96, 2775, 31354
2026/09/25 17:43:42.322, 0, 532.76, 91, 2805, 31846
2026/09/25 17:43:42.322, 1, 480.18, 80, 2782, 31354
2026/09/25 17:43:42.822, 0, 531.76, 92, 2812, 31846
2026/09/25 17:43:42.822, 1, 480.82, 80, 2775, 31354
2026/09/25 17:43:43.322, 0, 529.96, 77, 2805, 31846
2026/09/25 17:43:43.322, 1, 477.42, 85, 2782, 31354
2026/09/25 17:43:43.822, 0, 466.41, 96, 2820, 31846
2026/09/25 17:43:43.822, 1, 419.98, 81, 2842, 31354
2026/09/25 17:43:44.323, 0, 468.33, 100, 2812, 31846
2026/09/25 17:43:44.323, 1, 425.54, 99, 2790, 31354
2026/09/25 17:43:44.823, 0, 533.99, 100, 2812, 31846
2026/09/25 17:43:44.823, 1, 487.13, 100, 2782, 31354
2026/09/25 17:43:45.323, 0, 534.41, 91, 2812, 31846
2026/09/25 17:43:45.323, 1, 478.92, 100, 2775, 31354
2026/09/25 17:43:45.823, 0, 532.50, 91, 2812, 31846
2026/09/25 17:43:45.823, 1, 478.11, 84, 2782, 31354
2026/09/25 17:43:46.323, 0, 524.14, 60, 2812, 31846
2026/09/25 17:43:46.324, 1, 480.94, 84, 2782, 31354
2026/09/25 17:43:46.824, 0, 468.72, 91, 2812, 31846
2026/09/25 17:43:46.824, 1, 420.59, 80, 2842, 31354
2026/09/25 17:43:47.324, 0, 474.86, 100, 2812, 31846
2026/09/25 17:43:47.324, 1, 425.86, 93, 2782, 31354
2026/09/25 17:43:47.824, 0, 536.15, 100, 2812, 31846
2026/09/25 17:43:47.824, 1, 479.57, 100, 2782, 31354
2026/09/25 17:43:48.324, 0, 534.66, 91, 2812, 31846
2026/09/25 17:43:48.324, 1, 481.64, 96, 2782, 31354
2026/09/25 17:43:48.824, 0, 533.15, 91, 2812, 31846
2026/09/25 17:43:48.825, 1, 481.33, 83, 2782, 31354
2026/09/25 17:43:49.325, 0, 529.58, 90, 2812, 31846
2026/09/25 17:43:49.325, 1, 472.31, 78, 2782, 31354
2026/09/25 17:43:49.825, 0, 465.72, 100, 2827, 31846
2026/09/25 17:43:49.825, 1, 418.26, 90, 2842, 31354
2026/09/25 17:43:50.325, 0, 469.11, 100, 2812, 31846
2026/09/25 17:43:50.325, 1, 419.98, 100, 2782, 31354
2026/09/25 17:43:50.825, 0, 533.08, 95, 2812, 31846
2026/09/25 17:43:50.825, 1, 476.99, 87, 2782, 31354
2026/09/25 17:43:51.325, 0, 438.85, 47, 2865, 31846
2026/09/25 17:43:51.325, 1, 413.03, 55, 2812, 31354
2026/09/25 17:43:51.825, 0, 296.84, 41, 2887, 31846
2026/09/25 17:43:51.826, 1, 323.97, 48, 2850, 31354
2026/09/25 17:43:52.326, 0, 228.19, 42, 2880, 31846
2026/09/25 17:43:52.326, 1, 269.83, 47, 2850, 31354
2026/09/25 17:43:52.826, 0, 234.66, 41, 2880, 31846
2026/09/25 17:43:52.826, 1, 239.60, 48, 2850, 31354
2026/09/25 17:43:53.326, 0, 238.16, 38, 2880, 31846
2026/09/25 17:43:53.326, 1, 242.00, 42, 2842, 31354
2026/09/25 17:43:53.826, 0, 237.40, 41, 2880, 31846
2026/09/25 17:43:53.826, 1, 241.33, 48, 2842, 31354
2026/09/25 17:43:54.326, 0, 237.23, 40, 2880, 31846
2026/09/25 17:43:54.327, 1, 241.34, 48, 2842, 31354
2026/09/25 17:43:54.827, 0, 238.76, 43, 2880, 31846
2026/09/25 17:43:54.827, 1, 243.13, 49, 2850, 31354
2026/09/25 17:43:55.327, 0, 235.11, 42, 2887, 31846
2026/09/25 17:43:55.327, 1, 239.19, 47, 2850, 31354
2026/09/25 17:43:55.827, 0, 231.71, 40, 2887, 31846
2026/09/25 17:43:55.827, 1, 235.64, 47, 2850, 31354
2026/09/25 17:43:56.327, 0, 188.51, 0, 2902, 31846
2026/09/25 17:43:56.327, 1, 180.68, 0, 2865, 31354
2026/09/25 17:43:56.827, 0, 270.46, 96, 2812, 31846
2026/09/25 17:43:56.828, 1, 180.79, 69, 2842, 31354
2026/09/25 17:43:57.328, 0, 477.48, 96, 2805, 31846
2026/09/25 17:43:57.328, 1, 362.25, 87, 2782, 31354
2026/09/25 17:43:57.828, 0, 542.42, 97, 2812, 31846
2026/09/25 17:43:57.828, 1, 480.49, 80, 2775, 31354
2026/09/25 17:43:58.328, 0, 541.96, 96, 2805, 31846
2026/09/25 17:43:58.328, 1, 490.94, 85, 2775, 31354
2026/09/25 17:43:58.828, 0, 544.07, 96, 2805, 31846
2026/09/25 17:43:58.828, 1, 492.87, 85, 2782, 31354
2026/09/25 17:43:59.328, 0, 472.04, 37, 2835, 31846
2026/09/25 17:43:59.329, 1, 483.14, 58, 2782, 31354
2026/09/25 17:43:59.829, 0, 478.65, 96, 2805, 31846
2026/09/25 17:43:59.829, 1, 428.17, 85, 2790, 31354
2026/09/25 17:44:00.329, 0, 515.79, 96, 2812, 31846
2026/09/25 17:44:00.329, 1, 430.26, 85, 2782, 31354
2026/09/25 17:44:00.829, 0, 544.49, 96, 2812, 31846
2026/09/25 17:44:00.829, 1, 488.64, 85, 2782, 31354
2026/09/25 17:44:01.329, 0, 543.40, 100, 2805, 31846
2026/09/25 17:44:01.329, 1, 492.83, 92, 2782, 31354
2026/09/25 17:44:01.829, 0, 540.24, 100, 2812, 31846
2026/09/25 17:44:01.830, 1, 492.41, 100, 2782, 31354
2026/09/25 17:44:02.330, 0, 463.68, 100, 2872, 31846
2026/09/25 17:44:02.330, 1, 448.60, 0, 2782, 31354
2026/09/25 17:44:02.830, 0, 466.96, 100, 2812, 31846
2026/09/25 17:44:02.830, 1, 421.82, 100, 2775, 31354
2026/09/25 17:44:03.330, 0, 542.95, 96, 2782, 31846
2026/09/25 17:44:03.330, 1, 469.17, 92, 2775, 31354
2026/09/25 17:44:03.830, 0, 541.57, 96, 2812, 31846
2026/09/25 17:44:03.831, 1, 489.41, 84, 2775, 31354
2026/09/25 17:44:04.331, 0, 541.57, 96, 2812, 31846
2026/09/25 17:44:04.331, 1, 483.83, 83, 2775, 31354
2026/09/25 17:44:04.831, 0, 542.25, 96, 2812, 31846
2026/09/25 17:44:04.831, 1, 484.02, 84, 2782, 31354
2026/09/25 17:44:05.331, 0, 467.17, 100, 2872, 31846
2026/09/25 17:44:05.331, 1, 427.44, 5, 2797, 31354
2026/09/25 17:44:05.831, 0, 473.81, 100, 2812, 31846
2026/09/25 17:44:05.831, 1, 427.70, 100, 2790, 31354
2026/09/25 17:44:06.332, 0, 541.71, 100, 2790, 31846
2026/09/25 17:44:06.332, 1, 487.58, 100, 2782, 31354
2026/09/25 17:44:06.832, 0, 539.77, 96, 2812, 31846
2026/09/25 17:44:06.832, 1, 482.51, 100, 2775, 31354
2026/09/25 17:44:07.332, 0, 540.64, 96, 2805, 31846
2026/09/25 17:44:07.332, 1, 486.79, 82, 2775, 31354
2026/09/25 17:44:07.832, 0, 539.39, 96, 2805, 31846
2026/09/25 17:44:07.832, 1, 482.54, 82, 2775, 31354
2026/09/25 17:44:08.332, 0, 463.57, 100, 2872, 31846
2026/09/25 17:44:08.332, 1, 416.93, 9, 2797, 31354
2026/09/25 17:44:08.833, 0, 470.16, 100, 2812, 31846
2026/09/25 17:44:08.833, 1, 422.10, 100, 2790, 31354
2026/09/25 17:44:09.333, 0, 538.83, 100, 2805, 31846
2026/09/25 17:44:09.333, 1, 449.67, 100, 2782, 31354
2026/09/25 17:44:09.833, 0, 535.97, 95, 2797, 31846
2026/09/25 17:44:09.833, 1, 483.06, 84, 2775, 31354
2026/09/25 17:44:10.333, 0, 537.54, 96, 2797, 31846
2026/09/25 17:44:10.333, 1, 482.73, 81, 2782, 31354
2026/09/25 17:44:10.833, 0, 538.59, 96, 2797, 31846
2026/09/25 17:44:10.834, 1, 475.65, 83, 2790, 31354
2026/09/25 17:44:11.334, 0, 469.49, 100, 2872, 31846
2026/09/25 17:44:11.334, 1, 428.69, 0, 2790, 31354
2026/09/25 17:44:11.834, 0, 462.54, 100, 2812, 31846
2026/09/25 17:44:11.834, 1, 422.59, 100, 2782, 31354
2026/09/25 17:44:12.334, 0, 539.11, 96, 2812, 31846
2026/09/25 17:44:12.334, 1, 435.13, 84, 2782, 31354
2026/09/25 17:44:12.834, 0, 445.19, 60, 2865, 31846
2026/09/25 17:44:12.834, 1, 410.89, 42, 2805, 31354
2026/09/25 17:44:13.334, 0, 296.65, 40, 2887, 31846
2026/09/25 17:44:13.335, 1, 326.08, 47, 2850, 31354
2026/09/25 17:44:13.835, 0, 213.59, 41, 2880, 31846
2026/09/25 17:44:13.835, 1, 269.16, 47, 2850, 31354
2026/09/25 17:44:14.335, 0, 236.07, 42, 2880, 31846
2026/09/25 17:44:14.335, 1, 240.92, 47, 2842, 31354
2026/09/25 17:44:14.835, 0, 237.89, 41, 2880, 31846
2026/09/25 17:44:14.835, 1, 244.08, 46, 2850, 31354
2026/09/25 17:44:15.335, 0, 237.80, 43, 2880, 31846
2026/09/25 17:44:15.335, 1, 243.03, 47, 2842, 31354
2026/09/25 17:44:15.835, 0, 239.24, 41, 2880, 31846
2026/09/25 17:44:15.835, 1, 242.90, 47, 2842, 31354
2026/09/25 17:44:16.336, 0, 238.83, 39, 2880, 31846
2026/09/25 17:44:16.336, 1, 242.15, 46, 2850, 31354
2026/09/25 17:44:16.836, 0, 238.11, 41, 2880, 31846
2026/09/25 17:44:16.836, 1, 240.81, 48, 2850, 31354
2026/09/25 17:44:17.336, 0, 236.90, 37, 2880, 31846
2026/09/25 17:44:17.336, 1, 240.90, 43, 2850, 31354
2026/09/25 17:44:17.836, 0, 222.44, 43, 2895, 31846
2026/09/25 17:44:17.836, 1, 218.62, 41, 2857, 31354
2026/09/25 17:44:18.336, 0, 237.88, 100, 2880, 31846
2026/09/25 17:44:18.337, 1, 163.10, 32, 2865, 31354
2026/09/25 17:44:18.837, 0, 337.45, 100, 2865, 31846
2026/09/25 17:44:18.837, 1, 239.67, 54, 2805, 31354
2026/09/25 17:44:19.337, 0, 421.44, 100, 2857, 31846
2026/09/25 17:44:19.337, 1, 352.40, 78, 2805, 31354
2026/09/25 17:44:19.837, 0, 407.44, 100, 2865, 31846
2026/09/25 17:44:19.837, 1, 347.77, 51, 2820, 31354
2026/09/25 17:44:20.337, 0, 390.71, 100, 2865, 31846
2026/09/25 17:44:20.337, 1, 347.94, 58, 2805, 31354
2026/09/25 17:44:20.837, 0, 406.54, 100, 2865, 31846
2026/09/25 17:44:20.838, 1, 363.07, 64, 2805, 31354
2026/09/25 17:44:21.338, 0, 405.03, 100, 2857, 31846
2026/09/25 17:44:21.338, 1, 369.99, 80, 2805, 31354
2026/09/25 17:44:21.838, 0, 406.50, 100, 2857, 31846
2026/09/25 17:44:21.838, 1, 368.93, 90, 2820, 31354
2026/09/25 17:44:22.338, 0, 421.61, 100, 2850, 31846
2026/09/25 17:44:22.338, 1, 363.97, 94, 2820, 31354
2026/09/25 17:44:22.838, 0, 406.78, 100, 2850, 31846
2026/09/25 17:44:22.838, 1, 371.09, 98, 2820, 31354
2026/09/25 17:44:23.339, 0, 420.00, 100, 2850, 31846
2026/09/25 17:44:23.339, 1, 379.78, 100, 2820, 31354
2026/09/25 17:44:23.839, 0, 419.77, 100, 2850, 31846
2026/09/25 17:44:23.839, 1, 381.12, 100, 2820, 31354
2026/09/25 17:44:24.339, 0, 406.03, 100, 2842, 31846
2026/09/25 17:44:24.339, 1, 370.09, 100, 2820, 31354
2026/09/25 17:44:24.839, 0, 419.64, 100, 2842, 31846
2026/09/25 17:44:24.839, 1, 369.99, 100, 2827, 31354
2026/09/25 17:44:25.339, 0, 405.72, 100, 2842, 31846
2026/09/25 17:44:25.340, 1, 370.24, 100, 2827, 31354
2026/09/25 17:44:25.840, 0, 405.45, 100, 2850, 31846
2026/09/25 17:44:25.840, 1, 384.43, 100, 2827, 31354
2026/09/25 17:44:26.340, 0, 419.28, 100, 2850, 31846
2026/09/25 17:44:26.340, 1, 383.70, 100, 2827, 31354
2026/09/25 17:44:26.840, 0, 419.45, 100, 2850, 31846
2026/09/25 17:44:26.840, 1, 368.92, 100, 2827, 31354
2026/09/25 17:44:27.340, 0, 405.04, 100, 2842, 31846
2026/09/25 17:44:27.341, 1, 369.98, 100, 2827, 31354
2026/09/25 17:44:27.841, 0, 405.33, 100, 2842, 31846
2026/09/25 17:44:27.841, 1, 384.47, 100, 2827, 31354
2026/09/25 17:44:28.341, 0, 419.21, 100, 2842, 31846
2026/09/25 17:44:28.341, 1, 368.36, 100, 2827, 31354
2026/09/25 17:44:28.841, 0, 418.61, 100, 2842, 31846
2026/09/25 17:44:28.841, 1, 368.72, 100, 2827, 31354
2026/09/25 17:44:29.341, 0, 418.52, 100, 2842, 31846
2026/09/25 17:44:29.342, 1, 368.57, 100, 2827, 31354
2026/09/25 17:44:29.842, 0, 405.09, 100, 2842, 31846
2026/09/25 17:44:29.842, 1, 383.54, 100, 2827, 31354
2026/09/25 17:44:30.342, 0, 419.62, 100, 2850, 31846
2026/09/25 17:44:30.342, 1, 383.09, 100, 2827, 31354
2026/09/25 17:44:30.842, 0, 419.59, 100, 2842, 31846
2026/09/25 17:44:30.842, 1, 367.88, 100, 2827, 31354
2026/09/25 17:44:31.342, 0, 419.45, 100, 2850, 31846
2026/09/25 17:44:31.343, 1, 383.54, 100, 2827, 31354
2026/09/25 17:44:31.843, 0, 405.11, 100, 2850, 31846
2026/09/25 17:44:31.843, 1, 368.14, 100, 2827, 31354
2026/09/25 17:44:32.343, 0, 402.04, 100, 2850, 31846
2026/09/25 17:44:32.343, 1, 364.61, 100, 2827, 31354
2026/09/25 17:44:32.843, 0, 412.45, 100, 2850, 31846
2026/09/25 17:44:32.843, 1, 376.66, 95, 2820, 31354
2026/09/25 17:44:33.343, 0, 396.79, 100, 2857, 31846
2026/09/25 17:44:33.344, 1, 360.31, 85, 2820, 31354
2026/09/25 17:44:33.844, 0, 414.95, 100, 2857, 31846
2026/09/25 17:44:33.844, 1, 372.93, 82, 2812, 31354
2026/09/25 17:44:34.344, 0, 417.06, 100, 2857, 31846
2026/09/25 17:44:34.344, 1, 365.52, 77, 2812, 31354
2026/09/25 17:44:34.844, 0, 402.77, 100, 2857, 31846
2026/09/25 17:44:34.844, 1, 365.29, 71, 2812, 31354
2026/09/25 17:44:35.344, 0, 402.25, 100, 2865, 31846
2026/09/25 17:44:35.345, 1, 366.94, 65, 2812, 31354
2026/09/25 17:44:35.845, 0, 399.07, 100, 2865, 31846
2026/09/25 17:44:35.845, 1, 361.67, 54, 2805, 31354
2026/09/25 17:44:36.345, 0, 409.79, 100, 2872, 31846
2026/09/25 17:44:36.345, 1, 357.61, 38, 2805, 31354
2026/09/25 17:44:36.845, 0, 409.56, 100, 2872, 31846
2026/09/25 17:44:36.845, 1, 357.42, 25, 2805, 31354
2026/09/25 17:44:37.345, 0, 395.02, 100, 2872, 31846
2026/09/25 17:44:37.345, 1, 344.83, 10, 2797, 31354
2026/09/25 17:44:37.846, 0, 396.79, 100, 2865, 31846
2026/09/25 17:44:37.846, 1, 362.92, 0, 2790, 31354
2026/09/25 17:44:38.346, 0, 351.48, 3, 2842, 31846
2026/09/25 17:44:38.346, 1, 366.70, 99, 2842, 31354
2026/09/25 17:44:38.846, 0, 355.55, 100, 2865, 31846
2026/09/25 17:44:38.846, 1, 282.19, 11, 2812, 31354
2026/09/25 17:44:39.346, 0, 357.82, 55, 2880, 31846
2026/09/25 17:44:39.346, 1, 331.61, 36, 2797, 31354
2026/09/25 17:44:39.846, 0, 302.11, 0, 2842, 31852
2026/09/25 17:44:39.847, 1, 323.87, 100, 2857, 31360
2026/09/25 17:44:40.347, 0, 266.20, 42, 2880, 31852
2026/09/25 17:44:40.347, 1, 249.20, 44, 2850, 31360
2026/09/25 17:44:40.847, 0, 234.46, 44, 2872, 31852
2026/09/25 17:44:40.847, 1, 280.12, 45, 2835, 31360
2026/09/25 17:44:41.347, 0, 274.20, 44, 2857, 31852
2026/09/25 17:44:41.347, 1, 263.47, 44, 2827, 31360
2026/09/25 17:44:41.847, 0, 281.70, 44, 2857, 31852
2026/09/25 17:44:41.847, 1, 266.97, 44, 2827, 31360
2026/09/25 17:44:42.348, 0, 281.16, 46, 2857, 31852
2026/09/25 17:44:42.348, 1, 266.68, 44, 2827, 31360
2026/09/25 17:44:42.848, 0, 286.48, 41, 2857, 31852
2026/09/25 17:44:42.848, 1, 268.35, 46, 2827, 31360
2026/09/25 17:44:43.348, 0, 285.31, 41, 2857, 31852
2026/09/25 17:44:43.348, 1, 267.93, 47, 2835, 31360
2026/09/25 17:44:43.848, 0, 285.86, 41, 2850, 31852
2026/09/25 17:44:43.848, 1, 269.73, 47, 2827, 31360
2026/09/25 17:44:44.348, 0, 287.34, 41, 2857, 31852
2026/09/25 17:44:44.348, 1, 268.93, 46, 2835, 31360
2026/09/25 17:44:44.848, 0, 286.10, 42, 2857, 31852
2026/09/25 17:44:44.848, 1, 266.57, 47, 2827, 31360
2026/09/25 17:44:45.349, 0, 284.86, 42, 2857, 31852
2026/09/25 17:44:45.349, 1, 269.57, 45, 2827, 31360
2026/09/25 17:44:45.849, 0, 283.33, 40, 2857, 31852
2026/09/25 17:44:45.849, 1, 266.98, 48, 2835, 31360
2026/09/25 17:44:46.349, 0, 282.15, 44, 2857, 31852
2026/09/25 17:44:46.349, 1, 264.70, 44, 2827, 31360
2026/09/25 17:44:46.849, 0, 284.34, 45, 2857, 31856
2026/09/25 17:44:46.849, 1, 265.40, 45, 2835, 31366
2026/09/25 17:44:47.349, 0, 274.81, 40, 2857, 31856
2026/09/25 17:44:47.349, 1, 259.51, 45, 2835, 31366
2026/09/25 17:44:47.850, 0, 233.31, 17, 2895, 31856
2026/09/25 17:44:47.850, 1, 217.24, 50, 2857, 31366
2026/09/25 17:44:48.350, 0, 177.34, 68, 2902, 31896
2026/09/25 17:44:48.350, 1, 132.76, 0, 2865, 31366
2026/09/25 17:44:48.850, 0, 335.75, 95, 2805, 31896
2026/09/25 17:44:48.850, 1, 245.38, 86, 2790, 31366
2026/09/25 17:44:49.350, 0, 533.40, 96, 2805, 31896
2026/09/25 17:44:49.350, 1, 417.33, 86, 2775, 31366
2026/09/25 17:44:49.850, 0, 547.49, 96, 2812, 31896
2026/09/25 17:44:49.850, 1, 491.62, 87, 2775, 31366
2026/09/25 17:44:50.351, 0, 548.77, 96, 2805, 31896
2026/09/25 17:44:50.351, 1, 496.62, 86, 2775, 31366
2026/09/25 17:44:50.851, 0, 548.66, 96, 2812, 31896
2026/09/25 17:44:50.851, 1, 495.57, 86, 2775, 31366
2026/09/25 17:44:51.351, 0, 463.52, 76, 2872, 31896
2026/09/25 17:44:51.351, 1, 431.91, 26, 2805, 31366
2026/09/25 17:44:51.851, 0, 315.29, 43, 2865, 31896
2026/09/25 17:44:51.851, 1, 323.80, 59, 2865, 31366
2026/09/25 17:44:52.351, 0, 252.26, 9, 2857, 31896
2026/09/25 17:44:52.351, 1, 257.95, 93, 2865, 31366
2026/09/25 17:44:52.852, 0, 245.49, 100, 2902, 31896
2026/09/25 17:44:52.852, 1, 214.65, 0, 2865, 31366
2026/09/25 17:44:53.352, 0, 236.76, 0, 2842, 31896
2026/09/25 17:44:53.352, 1, 268.96, 66, 2835, 31366
2026/09/25 17:44:53.852, 0, 282.89, 63, 2842, 31896
2026/09/25 17:44:53.852, 1, 287.53, 38, 2842, 31366
2026/09/25 17:44:54.352, 0, 319.07, 8, 2857, 31896
2026/09/25 17:44:54.352, 1, 265.57, 94, 2820, 31366
2026/09/25 17:44:54.852, 0, 299.26, 0, 2842, 31896
2026/09/25 17:44:54.852, 1, 276.10, 100, 2865, 31366
2026/09/25 17:44:55.352, 0, 309.54, 98, 2865, 31896
2026/09/25 17:44:55.352, 1, 268.58, 5, 2812, 31366
2026/09/25 17:44:55.852, 0, 343.33, 63, 2842, 31896
2026/09/25 17:44:55.852, 1, 295.93, 34, 2827, 31366
2026/09/25 17:44:56.352, 0, 321.71, 28, 2857, 31896
2026/09/25 17:44:56.352, 1, 296.16, 74, 2820, 31366
2026/09/25 17:44:56.852, 0, 345.91, 100, 2857, 31896
2026/09/25 17:44:56.853, 1, 294.45, 0, 2827, 31366
2026/09/25 17:44:57.353, 0, 325.86, 0, 2842, 31896
2026/09/25 17:44:57.353, 1, 314.57, 100, 2835, 31366
2026/09/25 17:44:57.853, 0, 362.52, 100, 2865, 31896
2026/09/25 17:44:57.853, 1, 295.66, 0, 2812, 31366
2026/09/25 17:44:58.353, 0, 304.93, 10, 2842, 31896
2026/09/25 17:44:58.353, 1, 314.38, 90, 2835, 31366
2026/09/25 17:44:58.853, 0, 339.21, 83, 2865, 31896
2026/09/25 17:44:58.853, 1, 282.17, 19, 2812, 31366
2026/09/25 17:44:59.353, 0, 322.58, 48, 2842, 31896
2026/09/25 17:44:59.353, 1, 317.17, 53, 2835, 31366
2026/09/25 17:44:59.854, 0, 326.71, 42, 2865, 31896
2026/09/25 17:44:59.854, 1, 297.69, 60, 2812, 31366
2026/09/25 17:45:00.354, 0, 338.77, 86, 2850, 31896
2026/09/25 17:45:00.354, 1, 296.14, 14, 2835, 31366
2026/09/25 17:45:00.854, 0, 325.76, 0, 2850, 31896
2026/09/25 17:45:00.854, 1, 315.39, 100, 2827, 31366
2026/09/25 17:45:01.354, 0, 344.84, 100, 2865, 31896
2026/09/25 17:45:01.354, 1, 295.91, 0, 2820, 31366
2026/09/25 17:45:01.854, 0, 308.88, 0, 2842, 31896
2026/09/25 17:45:01.854, 1, 312.40, 100, 2835, 31366
2026/09/25 17:45:02.354, 0, 364.88, 100, 2865, 31896
2026/09/25 17:45:02.355, 1, 276.71, 0, 2812, 31366
2026/09/25 17:45:02.855, 0, 334.17, 22, 2842, 31896
2026/09/25 17:45:02.855, 1, 306.07, 78, 2835, 31366
2026/09/25 17:45:03.355, 0, 351.33, 66, 2865, 31896
2026/09/25 17:45:03.355, 1, 289.80, 36, 2812, 31366
2026/09/25 17:45:03.855, 0, 344.63, 59, 2842, 31896
2026/09/25 17:45:03.855, 1, 312.28, 42, 2842, 31366
2026/09/25 17:45:04.355, 0, 337.14, 31, 2857, 31896
2026/09/25 17:45:04.355, 1, 311.58, 71, 2812, 31366
2026/09/25 17:45:04.855, 0, 343.93, 99, 2850, 31896
2026/09/25 17:45:04.855, 1, 295.91, 2, 2827, 31366
2026/09/25 17:45:05.355, 0, 328.22, 0, 2850, 31896
2026/09/25 17:45:05.355, 1, 317.23, 100, 2827, 31366
2026/09/25 17:45:05.856, 0, 344.20, 100, 2865, 31896
2026/09/25 17:45:05.856, 1, 281.63, 0, 2820, 31366
2026/09/25 17:45:06.356, 0, 308.73, 0, 2842, 31896
2026/09/25 17:45:06.356, 1, 311.14, 100, 2835, 31366
2026/09/25 17:45:06.856, 0, 363.09, 100, 2865, 31896
2026/09/25 17:45:06.856, 1, 296.93, 0, 2812, 31366
2026/09/25 17:45:07.356, 0, 334.68, 22, 2842, 31896
2026/09/25 17:45:07.356, 1, 327.01, 78, 2835, 31366
2026/09/25 17:45:07.856, 0, 334.83, 74, 2865, 31896
2026/09/25 17:45:07.857, 1, 286.41, 28, 2812, 31366
2026/09/25 17:45:08.357, 0, 343.86, 53, 2835, 31896
2026/09/25 17:45:08.357, 1, 296.98, 47, 2835, 31366
2026/09/25 17:45:08.857, 0, 341.54, 52, 2865, 31896
2026/09/25 17:45:08.857, 1, 305.66, 50, 2812, 31366
2026/09/25 17:45:09.357, 0, 338.54, 72, 2842, 31896
2026/09/25 17:45:09.357, 1, 300.17, 28, 2835, 31366
2026/09/25 17:45:09.857, 0, 330.56, 18, 2857, 31896
2026/09/25 17:45:09.858, 1, 308.65, 84, 2820, 31366
2026/09/25 17:45:10.358, 0, 343.02, 100, 2857, 31896
2026/09/25 17:45:10.358, 1, 291.98, 0, 2827, 31366
2026/09/25 17:45:10.858, 0, 329.65, 0, 2850, 31896
2026/09/25 17:45:10.858, 1, 309.42, 100, 2827, 31366
2026/09/25 17:45:11.358, 0, 361.09, 100, 2865, 31896
2026/09/25 17:45:11.358, 1, 295.75, 0, 2812, 31366
2026/09/25 17:45:11.858, 0, 329.52, 0, 2842, 31896
2026/09/25 17:45:11.858, 1, 329.58, 100, 2835, 31366
2026/09/25 17:45:12.359, 0, 343.53, 100, 2865, 31896
2026/09/25 17:45:12.359, 1, 277.75, 0, 2812, 31366
2026/09/25 17:45:12.859, 0, 308.75, 4, 2842, 31896
2026/09/25 17:45:12.859, 1, 302.24, 98, 2842, 31366
2026/09/25 17:45:13.359, 0, 354.26, 91, 2865, 31896
2026/09/25 17:45:13.359, 1, 279.38, 11, 2812, 31366
2026/09/25 17:45:13.859, 0, 337.20, 27, 2842, 31896
2026/09/25 17:45:13.859, 1, 318.97, 66, 2835, 31366
2026/09/25 17:45:14.359, 0, 330.47, 75, 2865, 31896
2026/09/25 17:45:14.359, 1, 303.36, 27, 2812, 31366
2026/09/25 17:45:14.860, 0, 326.82, 50, 2835, 31896
2026/09/25 17:45:14.860, 1, 307.27, 51, 2835, 31366
2026/09/25 17:45:15.360, 0, 330.29, 57, 2865, 31896
2026/09/25 17:45:15.360, 1, 303.89, 45, 2812, 31366
2026/09/25 17:45:15.860, 0, 337.73, 65, 2842, 31896
2026/09/25 17:45:15.861, 1, 296.92, 35, 2842, 31366
2026/09/25 17:45:16.361, 0, 334.68, 30, 2857, 31896
2026/09/25 17:45:16.361, 1, 309.14, 72, 2820, 31366
2026/09/25 17:45:16.861, 0, 343.54, 88, 2850, 31896
2026/09/25 17:45:16.861, 1, 297.05, 13, 2827, 31366
2026/09/25 17:45:17.361, 0, 331.04, 7, 2850, 31896
2026/09/25 17:45:17.361, 1, 313.27, 94, 2827, 31366
2026/09/25 17:45:17.861, 0, 352.74, 100, 2857, 31896
2026/09/25 17:45:17.861, 1, 297.12, 0, 2820, 31366
2026/09/25 17:45:18.361, 0, 315.09, 0, 2842, 31896
2026/09/25 17:45:18.361, 1, 322.25, 100, 2827, 31366
2026/09/25 17:45:18.862, 0, 341.40, 100, 2865, 31896
2026/09/25 17:45:18.862, 1, 297.13, 0, 2820, 31366
2026/09/25 17:45:19.362, 0, 309.83, 0, 2842, 31896
2026/09/25 17:45:19.362, 1, 306.74, 100, 2835, 31366
2026/09/25 17:45:19.862, 0, 360.33, 100, 2865, 31896
2026/09/25 17:45:19.862, 1, 278.18, 0, 2812, 31366
2026/09/25 17:45:20.362, 0, 330.37, 8, 2842, 31896
2026/09/25 17:45:20.362, 1, 327.27, 92, 2835, 31366
2026/09/25 17:45:20.862, 0, 359.43, 93, 2865, 31896
2026/09/25 17:45:20.862, 1, 279.14, 9, 2812, 31366
2026/09/25 17:45:21.363, 0, 318.71, 29, 2842, 31896
2026/09/25 17:45:21.363, 1, 297.63, 72, 2835, 31366
2026/09/25 17:45:21.863, 0, 350.51, 70, 2865, 31896
2026/09/25 17:45:21.863, 1, 306.74, 32, 2812, 31366
2026/09/25 17:45:22.363, 0, 340.77, 50, 2835, 31896
2026/09/25 17:45:22.363, 1, 310.54, 51, 2842, 31366
2026/09/25 17:45:22.863, 0, 330.33, 48, 2865, 31896
2026/09/25 17:45:22.863, 1, 297.90, 54, 2812, 31366
2026/09/25 17:45:23.363, 0, 335.95, 70, 2842, 31896
2026/09/25 17:45:23.363, 1, 302.29, 31, 2835, 31366
2026/09/25 17:45:23.864, 0, 331.83, 29, 2857, 31896
2026/09/25 17:45:23.864, 1, 306.09, 73, 2820, 31366
2026/09/25 17:45:24.364, 0, 340.72, 93, 2850, 31896
2026/09/25 17:45:24.364, 1, 294.17, 8, 2827, 31366
2026/09/25 17:45:24.864, 0, 324.06, 9, 2850, 31896
2026/09/25 17:45:24.864, 1, 306.76, 93, 2827, 31366
2026/09/25 17:45:25.364, 0, 353.64, 100, 2857, 31896
2026/09/25 17:45:25.364, 1, 297.21, 0, 2827, 31366
2026/09/25 17:45:25.864, 0, 315.87, 0, 2842, 31896
2026/09/25 17:45:25.864, 1, 320.86, 100, 2835, 31366
2026/09/25 17:45:26.364, 0, 340.54, 100, 2865, 31896
2026/09/25 17:45:26.365, 1, 279.10, 0, 2820, 31366
2026/09/25 17:45:26.865, 0, 330.70, 0, 2842, 31896
2026/09/25 17:45:26.865, 1, 327.52, 100, 2835, 31366
2026/09/25 17:45:27.365, 0, 339.88, 100, 2865, 31896
2026/09/25 17:45:27.365, 1, 278.80, 0, 2812, 31366
2026/09/25 17:45:27.865, 0, 332.25, 0, 2842, 31896
2026/09/25 17:45:27.865, 1, 325.41, 100, 2827, 31366
2026/09/25 17:45:28.365, 0, 360.47, 100, 2865, 31896
2026/09/25 17:45:28.365, 1, 297.13, 0, 2812, 31366
2026/09/25 17:45:28.865, 0, 314.06, 16, 2842, 31896
2026/09/25 17:45:28.866, 1, 302.30, 85, 2842, 31366
2026/09/25 17:45:29.366, 0, 355.07, 84, 2865, 31896
2026/09/25 17:45:29.366, 1, 302.79, 19, 2812, 31366
2026/09/25 17:45:29.866, 0, 336.76, 24, 2842, 31896
2026/09/25 17:45:29.866, 1, 315.66, 77, 2842, 31366
2026/09/25 17:45:30.366, 0, 332.49, 75, 2865, 31896
2026/09/25 17:45:30.366, 1, 301.27, 27, 2812, 31366
2026/09/25 17:45:30.866, 0, 341.37, 47, 2835, 31896
2026/09/25 17:45:30.866, 1, 311.51, 54, 2842, 31366
2026/09/25 17:45:31.366, 0, 344.36, 57, 2865, 31896
2026/09/25 17:45:31.367, 1, 293.14, 45, 2812, 31366
2026/09/25 17:45:31.867, 0, 334.11, 64, 2842, 31896
2026/09/25 17:45:31.867, 1, 297.91, 37, 2835, 31366
2026/09/25 17:45:32.367, 0, 332.23, 39, 2857, 31896
2026/09/25 17:45:32.367, 1, 305.33, 63, 2820, 31366
2026/09/25 17:45:32.867, 0, 339.76, 79, 2850, 31896
2026/09/25 17:45:32.867, 1, 297.16, 22, 2835, 31366
2026/09/25 17:45:33.367, 0, 328.79, 21, 2857, 31896
2026/09/25 17:45:33.367, 1, 306.14, 81, 2820, 31366
2026/09/25 17:45:33.868, 0, 342.90, 84, 2850, 31896
2026/09/25 17:45:33.868, 1, 297.65, 18, 2835, 31366
2026/09/25 17:45:34.368, 0, 322.23, 18, 2857, 31896
2026/09/25 17:45:34.368, 1, 310.06, 84, 2827, 31366
2026/09/25 17:45:34.868, 0, 345.74, 93, 2857, 31896
2026/09/25 17:45:34.868, 1, 288.72, 1, 2827, 31366
2026/09/25 17:45:35.368, 0, 332.71, 13, 2850, 31896
2026/09/25 17:45:35.368, 1, 300.11, 89, 2827, 31366
2026/09/25 17:45:35.868, 0, 338.55, 100, 2857, 31896
2026/09/25 17:45:35.869, 1, 298.73, 0, 2827, 31366
2026/09/25 17:45:36.369, 0, 318.88, 9, 2850, 31896
2026/09/25 17:45:36.369, 1, 313.42, 93, 2827, 31366
2026/09/25 17:45:36.869, 0, 352.83, 100, 2857, 31896
2026/09/25 17:45:36.869, 1, 281.27, 0, 2827, 31366
2026/09/25 17:45:37.369, 0, 317.22, 0, 2850, 31896
2026/09/25 17:45:37.369, 1, 304.95, 100, 2827, 31366
2026/09/25 17:45:37.869, 0, 358.78, 100, 2865, 31896
2026/09/25 17:45:37.869, 1, 279.56, 0, 2820, 31366
2026/09/25 17:45:38.370, 0, 333.12, 0, 2842, 31896
2026/09/25 17:45:38.370, 1, 324.52, 100, 2835, 31366
2026/09/25 17:45:38.870, 0, 339.39, 100, 2865, 31896
2026/09/25 17:45:38.870, 1, 279.41, 0, 2812, 31366
2026/09/25 17:45:39.370, 0, 312.23, 0, 2842, 31896
2026/09/25 17:45:39.370, 1, 303.34, 100, 2842, 31366
2026/09/25 17:45:39.870, 0, 358.71, 100, 2865, 31896
2026/09/25 17:45:39.870, 1, 298.70, 0, 2812, 31366
2026/09/25 17:45:40.370, 0, 312.17, 0, 2842, 31896
2026/09/25 17:45:40.370, 1, 324.61, 100, 2842, 31366
2026/09/25 17:45:40.870, 0, 338.45, 100, 2865, 31896
2026/09/25 17:45:40.871, 1, 279.65, 0, 2812, 31366
2026/09/25 17:45:41.371, 0, 332.77, 2, 2842, 31896
2026/09/25 17:45:41.371, 1, 304.14, 99, 2835, 31366
2026/09/25 17:45:41.871, 0, 358.19, 100, 2865, 31896
2026/09/25 17:45:41.871, 1, 298.15, 0, 2812, 31366
2026/09/25 17:45:42.371, 0, 314.07, 12, 2842, 31896
2026/09/25 17:45:42.371, 1, 321.67, 89, 2842, 31366
2026/09/25 17:45:42.871, 0, 357.38, 93, 2865, 31896
2026/09/25 17:45:42.871, 1, 299.10, 9, 2820, 31366
2026/09/25 17:45:43.371, 0, 317.77, 22, 2842, 31896
2026/09/25 17:45:43.371, 1, 318.47, 80, 2842, 31366
2026/09/25 17:45:43.872, 0, 351.95, 82, 2865, 31896
2026/09/25 17:45:43.872, 1, 284.68, 20, 2812, 31366
2026/09/25 17:45:44.372, 0, 338.55, 32, 2842, 31896
2026/09/25 17:45:44.372, 1, 298.08, 70, 2842, 31366
2026/09/25 17:45:44.872, 0, 334.33, 73, 2865, 31896
2026/09/25 17:45:44.872, 1, 288.08, 29, 2812, 31366
2026/09/25 17:45:45.372, 0, 339.19, 44, 2835, 31896
2026/09/25 17:45:45.372, 1, 310.03, 58, 2842, 31366
2026/09/25 17:45:45.872, 0, 334.50, 64, 2865, 31896
2026/09/25 17:45:45.872, 1, 302.85, 38, 2812, 31366
2026/09/25 17:45:46.373, 0, 338.32, 52, 2835, 31896
2026/09/25 17:45:46.373, 1, 299.08, 49, 2842, 31366
2026/09/25 17:45:46.873, 0, 334.58, 55, 2865, 31896
2026/09/25 17:45:46.873, 1, 295.55, 47, 2812, 31366
2026/09/25 17:45:47.373, 0, 334.39, 59, 2842, 31896
2026/09/25 17:45:47.373, 1, 299.45, 42, 2842, 31366
2026/09/25 17:45:47.873, 0, 337.42, 45, 2865, 31896
2026/09/25 17:45:47.873, 1, 303.47, 57, 2812, 31366
2026/09/25 17:45:48.373, 0, 337.38, 67, 2842, 31896
2026/09/25 17:45:48.373, 1, 299.37, 34, 2835, 31366
2026/09/25 17:45:48.873, 0, 334.47, 39, 2857, 31896
2026/09/25 17:45:48.873, 1, 302.38, 63, 2820, 31366
2026/09/25 17:45:49.374, 0, 339.02, 79, 2850, 31896
2026/09/25 17:45:49.374, 1, 298.04, 23, 2835, 31366
2026/09/25 17:45:49.874, 0, 334.20, 30, 2857, 31896
2026/09/25 17:45:49.874, 1, 305.11, 72, 2820, 31366
2026/09/25 17:45:50.374, 0, 337.76, 86, 2850, 31896
2026/09/25 17:45:50.374, 1, 291.64, 15, 2835, 31366
2026/09/25 17:45:50.874, 0, 327.41, 34, 2857, 31896
2026/09/25 17:45:50.874, 1, 303.34, 68, 2827, 31366
2026/09/25 17:45:51.374, 0, 342.98, 81, 2850, 31896
2026/09/25 17:45:51.374, 1, 287.78, 20, 2835, 31366
2026/09/25 17:45:51.874, 0, 327.99, 24, 2857, 31896
2026/09/25 17:45:51.874, 1, 302.20, 78, 2820, 31366
2026/09/25 17:45:52.375, 0, 337.25, 87, 2850, 31896
2026/09/25 17:45:52.375, 1, 290.02, 15, 2835, 31366
2026/09/25 17:45:52.875, 0, 325.24, 18, 2850, 31896
2026/09/25 17:45:52.875, 1, 301.05, 84, 2820, 31366
2026/09/25 17:45:53.375, 0, 349.89, 99, 2857, 31896
2026/09/25 17:45:53.375, 1, 287.38, 3, 2827, 31366
2026/09/25 17:45:53.875, 0, 334.61, 12, 2850, 31896
2026/09/25 17:45:53.875, 1, 301.12, 90, 2827, 31366
2026/09/25 17:45:54.375, 0, 337.84, 100, 2857, 31896
2026/09/25 17:45:54.375, 1, 298.22, 0, 2827, 31366
2026/09/25 17:45:54.875, 0, 334.88, 16, 2857, 31896
2026/09/25 17:45:54.876, 1, 309.93, 86, 2827, 31366
2026/09/25 17:45:55.376, 0, 350.15, 96, 2850, 31896
2026/09/25 17:45:55.376, 1, 281.52, 6, 2827, 31366
2026/09/25 17:45:55.876, 0, 321.22, 9, 2850, 31896
2026/09/25 17:45:55.876, 1, 301.84, 93, 2827, 31366
2026/09/25 17:45:56.376, 0, 332.31, 91, 2857, 31896
2026/09/25 17:45:56.376, 1, 298.98, 11, 2835, 31366
2026/09/25 17:45:56.876, 0, 319.70, 18, 2850, 31896
2026/09/25 17:45:56.876, 1, 311.03, 84, 2820, 31366
2026/09/25 17:45:57.376, 0, 333.31, 91, 2857, 31896
2026/09/25 17:45:57.376, 1, 286.61, 6, 2827, 31366
2026/09/25 17:45:57.877, 0, 322.82, 23, 2850, 31896
2026/09/25 17:45:57.877, 1, 308.15, 79, 2820, 31366
2026/09/25 17:45:58.377, 0, 347.50, 90, 2857, 31896
2026/09/25 17:45:58.377, 1, 298.99, 11, 2835, 31366
2026/09/25 17:45:58.877, 0, 335.30, 21, 2850, 31896
2026/09/25 17:45:58.877, 1, 299.48, 81, 2820, 31366
2026/09/25 17:45:59.377, 0, 334.77, 89, 2857, 31896
2026/09/25 17:45:59.377, 1, 287.89, 13, 2827, 31366
2026/09/25 17:45:59.877, 0, 334.60, 19, 2850, 31896
2026/09/25 17:45:59.878, 1, 310.72, 83, 2827, 31366
2026/09/25 17:46:00.378, 0, 347.42, 90, 2857, 31896
2026/09/25 17:46:00.378, 1, 287.75, 12, 2827, 31366
2026/09/25 17:46:00.878, 0, 323.87, 19, 2850, 31896
2026/09/25 17:46:00.878, 1, 298.99, 83, 2820, 31366
2026/09/25 17:46:01.378, 0, 336.52, 94, 2857, 31896
2026/09/25 17:46:01.378, 1, 298.34, 7, 2827, 31366
2026/09/25 17:46:01.878, 0, 335.82, 19, 2850, 31896
2026/09/25 17:46:01.878, 1, 299.06, 83, 2827, 31366
2026/09/25 17:46:02.378, 0, 349.33, 94, 2857, 31896
2026/09/25 17:46:02.379, 1, 286.25, 8, 2827, 31366
2026/09/25 17:46:02.879, 0, 323.90, 19, 2850, 31896
2026/09/25 17:46:02.879, 1, 310.20, 83, 2827, 31366
2026/09/25 17:46:03.379, 0, 348.60, 91, 2857, 31896
2026/09/25 17:46:03.379, 1, 299.98, 10, 2827, 31366
2026/09/25 17:46:03.879, 0, 335.20, 18, 2850, 31896
2026/09/25 17:46:03.879, 1, 300.41, 84, 2820, 31366
2026/09/25 17:46:04.379, 0, 347.88, 90, 2857, 31896
2026/09/25 17:46:04.379, 1, 299.82, 12, 2835, 31366
2026/09/25 17:46:04.880, 0, 323.43, 21, 2850, 31896
2026/09/25 17:46:04.880, 1, 298.94, 81, 2820, 31366
2026/09/25 17:46:05.380, 0, 335.27, 91, 2857, 31896
2026/09/25 17:46:05.380, 1, 287.88, 10, 2827, 31366
2026/09/25 17:46:05.880, 0, 324.71, 23, 2850, 31896
2026/09/25 17:46:05.880, 1, 308.94, 79, 2820, 31366
2026/09/25 17:46:06.380, 0, 334.84, 88, 2857, 31896
2026/09/25 17:46:06.380, 1, 299.85, 14, 2835, 31366
2026/09/25 17:46:06.880, 0, 336.01, 24, 2857, 31896
2026/09/25 17:46:06.880, 1, 298.70, 78, 2820, 31366
2026/09/25 17:46:07.380, 0, 334.68, 85, 2850, 31896
2026/09/25 17:46:07.380, 1, 299.98, 17, 2835, 31366
2026/09/25 17:46:07.881, 0, 325.72, 25, 2857, 31896
2026/09/25 17:46:07.881, 1, 299.36, 77, 2820, 31366
2026/09/25 17:46:08.381, 0, 345.13, 82, 2850, 31896
2026/09/25 17:46:08.381, 1, 289.60, 20, 2835, 31366
2026/09/25 17:46:08.881, 0, 336.24, 29, 2857, 31896
2026/09/25 17:46:08.881, 1, 307.16, 73, 2820, 31366
2026/09/25 17:46:09.381, 0, 344.74, 83, 2850, 31896
2026/09/25 17:46:09.381, 1, 299.65, 18, 2835, 31366
2026/09/25 17:46:09.881, 0, 336.37, 33, 2857, 31896
2026/09/25 17:46:09.881, 1, 305.75, 69, 2820, 31366
2026/09/25 17:46:10.381, 0, 334.44, 78, 2850, 31896
2026/09/25 17:46:10.381, 1, 291.49, 24, 2835, 31366
2026/09/25 17:46:10.882, 0, 330.20, 35, 2857, 31896
2026/09/25 17:46:10.882, 1, 304.45, 67, 2820, 31366
2026/09/25 17:46:11.382, 0, 341.90, 74, 2842, 31896
2026/09/25 17:46:11.382, 1, 299.79, 28, 2835, 31366
2026/09/25 17:46:11.882, 0, 335.22, 36, 2857, 31896
2026/09/25 17:46:11.882, 1, 303.99, 67, 2820, 31366
2026/09/25 17:46:12.382, 0, 331.08, 63, 2850, 31896
2026/09/25 17:46:12.382, 1, 294.27, 39, 2842, 31366
2026/09/25 17:46:12.882, 0, 331.81, 48, 2865, 31896
2026/09/25 17:46:12.882, 1, 299.33, 54, 2812, 31366
2026/09/25 17:46:13.382, 0, 336.32, 63, 2842, 31896
2026/09/25 17:46:13.383, 1, 299.18, 39, 2842, 31366
2026/09/25 17:46:13.883, 0, 336.54, 53, 2865, 31896
2026/09/25 17:46:13.883, 1, 296.47, 49, 2812, 31366
2026/09/25 17:46:14.383, 0, 335.07, 57, 2842, 31896
2026/09/25 17:46:14.383, 1, 298.43, 45, 2842, 31366
2026/09/25 17:46:14.883, 0, 338.27, 57, 2865, 31896
2026/09/25 17:46:14.883, 1, 297.69, 45, 2812, 31366
2026/09/25 17:46:15.383, 0, 333.36, 51, 2842, 31896
2026/09/25 17:46:15.383, 1, 299.86, 51, 2842, 31366
2026/09/25 17:46:15.883, 0, 339.19, 59, 2865, 31896
2026/09/25 17:46:15.884, 1, 294.70, 43, 2812, 31366
2026/09/25 17:46:16.384, 0, 326.04, 28, 2842, 31896
2026/09/25 17:46:16.384, 1, 300.30, 74, 2850, 31366
2026/09/25 17:46:16.884, 0, 336.63, 85, 2865, 31896
2026/09/25 17:46:16.884, 1, 289.58, 17, 2812, 31366
2026/09/25 17:46:17.384, 0, 315.63, 14, 2842, 31896
2026/09/25 17:46:17.384, 1, 299.54, 78, 2842, 31366
2026/09/25 17:46:17.884, 0, 298.29, 57, 2842, 31896
2026/09/25 17:46:17.884, 1, 310.45, 45, 2842, 31366
2026/09/25 17:46:18.384, 0, 353.67, 56, 2865, 31896
2026/09/25 17:46:18.384, 1, 279.38, 46, 2812, 31366
2026/09/25 17:46:18.885, 0, 324.01, 0, 2842, 31896
2026/09/25 17:46:18.885, 1, 283.12, 100, 2865, 31366
2026/09/25 17:46:19.385, 0, 321.30, 100, 2865, 31896
2026/09/25 17:46:19.385, 1, 288.68, 0, 2820, 31366
2026/09/25 17:46:19.885, 0, 316.78, 16, 2850, 31896
2026/09/25 17:46:19.885, 1, 312.15, 86, 2827, 31366
2026/09/25 17:46:20.385, 0, 327.86, 92, 2857, 31896
2026/09/25 17:46:20.385, 1, 301.44, 10, 2827, 31366
2026/09/25 17:46:20.885, 0, 338.19, 40, 2857, 31896
2026/09/25 17:46:20.886, 1, 304.04, 62, 2820, 31366
2026/09/25 17:46:21.386, 0, 326.64, 67, 2842, 31896
2026/09/25 17:46:21.386, 1, 288.88, 35, 2835, 31366
2026/09/25 17:46:21.886, 0, 338.11, 65, 2865, 31896
2026/09/25 17:46:21.886, 1, 294.27, 37, 2812, 31366
2026/09/25 17:46:22.386, 0, 327.36, 42, 2835, 31896
2026/09/25 17:46:22.386, 1, 301.55, 60, 2842, 31366
2026/09/25 17:46:22.886, 0, 338.54, 89, 2872, 31896
2026/09/25 17:46:22.886, 1, 291.20, 13, 2812, 31366
2026/09/25 17:46:23.386, 0, 320.58, 17, 2842, 31896
2026/09/25 17:46:23.386, 1, 309.20, 85, 2842, 31366
2026/09/25 17:46:23.887, 0, 343.87, 100, 2872, 31896
2026/09/25 17:46:23.887, 1, 282.83, 0, 2812, 31366
2026/09/25 17:46:24.387, 0, 334.24, 0, 2835, 31896
2026/09/25 17:46:24.387, 1, 290.84, 100, 2842, 31366
2026/09/25 17:46:24.887, 0, 343.05, 100, 2872, 31896
2026/09/25 17:46:24.887, 1, 301.88, 0, 2812, 31366
2026/09/25 17:46:25.387, 0, 316.47, 0, 2850, 31896
2026/09/25 17:46:25.387, 1, 307.80, 100, 2835, 31366
2026/09/25 17:46:25.887, 0, 326.98, 95, 2865, 31896
2026/09/25 17:46:25.888, 1, 301.47, 1, 2820, 31366
2026/09/25 17:46:26.388, 0, 317.19, 21, 2850, 31896
2026/09/25 17:46:26.388, 1, 290.52, 81, 2820, 31366
2026/09/25 17:46:26.888, 0, 323.50, 64, 2857, 31896
2026/09/25 17:46:26.888, 1, 283.97, 21, 2835, 31366
2026/09/25 17:46:27.388, 0, 339.15, 56, 2865, 31896
2026/09/25 17:46:27.388, 1, 297.30, 46, 2812, 31366
2026/09/25 17:46:27.888, 0, 325.15, 29, 2842, 31896
2026/09/25 17:46:27.888, 1, 292.73, 57, 2842, 31366
2026/09/25 17:46:28.388, 0, 342.05, 92, 2865, 31896
2026/09/25 17:46:28.389, 1, 286.56, 10, 2812, 31366
2026/09/25 17:46:28.889, 0, 330.03, 0, 2842, 31896
2026/09/25 17:46:28.889, 1, 300.22, 89, 2842, 31366
2026/09/25 17:46:29.389, 0, 343.35, 100, 2872, 31896
2026/09/25 17:46:29.389, 1, 300.46, 0, 2812, 31366
2026/09/25 17:46:29.889, 0, 317.36, 0, 2842, 31896
2026/09/25 17:46:29.889, 1, 288.41, 100, 2842, 31366
2026/09/25 17:46:30.389, 0, 322.77, 100, 2865, 31896
2026/09/25 17:46:30.389, 1, 302.11, 0, 2820, 31366
2026/09/25 17:46:30.889, 0, 339.42, 1, 2842, 31896
2026/09/25 17:46:30.889, 1, 307.78, 100, 2827, 31366
2026/09/25 17:46:31.390, 0, 323.27, 78, 2850, 31896
2026/09/25 17:46:31.390, 1, 282.85, 24, 2835, 31366
2026/09/25 17:46:31.890, 0, 339.43, 38, 2857, 31896
2026/09/25 17:46:31.890, 1, 286.02, 64, 2820, 31366
2026/09/25 17:46:32.390, 0, 330.45, 40, 2835, 31896
2026/09/25 17:46:32.390, 1, 302.15, 62, 2842, 31366
2026/09/25 17:46:32.890, 0, 335.05, 76, 2865, 31896
2026/09/25 17:46:32.890, 1, 290.20, 26, 2812, 31366
2026/09/25 17:46:33.390, 0, 317.16, 0, 2842, 31896
2026/09/25 17:46:33.390, 1, 305.73, 100, 2850, 31366
2026/09/25 17:46:33.890, 0, 329.59, 100, 2865, 31896
2026/09/25 17:46:33.891, 1, 293.85, 0, 2812, 31366
2026/09/25 17:46:34.391, 0, 339.92, 0, 2842, 31896
2026/09/25 17:46:34.391, 1, 288.12, 100, 2842, 31366
2026/09/25 17:46:34.891, 0, 324.27, 100, 2865, 31896
2026/09/25 17:46:34.891, 1, 282.97, 0, 2820, 31366
2026/09/25 17:46:35.391, 0, 339.62, 9, 2850, 31896
2026/09/25 17:46:35.391, 1, 287.75, 93, 2835, 31366
2026/09/25 17:46:35.891, 0, 344.18, 93, 2857, 31896
2026/09/25 17:46:35.891, 1, 283.55, 9, 2827, 31366
2026/09/25 17:46:36.391, 0, 324.09, 46, 2857, 31896
2026/09/25 17:46:36.391, 1, 286.60, 56, 2820, 31366
2026/09/25 17:46:36.891, 0, 323.64, 56, 2842, 31896
2026/09/25 17:46:36.891, 1, 302.98, 46, 2842, 31366
2026/09/25 17:46:37.392, 0, 309.03, 76, 2887, 31896
2026/09/25 17:46:37.392, 1, 297.45, 17, 2812, 31366
2026/09/25 17:46:37.892, 0, 337.84, 46, 2857, 31896
2026/09/25 17:46:37.892, 1, 268.95, 56, 2820, 31366
2026/09/25 17:46:38.392, 0, 316.65, 100, 2887, 31896
2026/09/25 17:46:38.392, 1, 253.29, 0, 2857, 31366
2026/09/25 17:46:38.892, 0, 268.63, 26, 2880, 31896
2026/09/25 17:46:38.892, 1, 279.15, 56, 2827, 31366
2026/09/25 17:46:39.392, 0, 287.03, 40, 2865, 31896
2026/09/25 17:46:39.392, 1, 263.37, 48, 2835, 31366
2026/09/25 17:46:39.892, 0, 262.18, 42, 2857, 31896
2026/09/25 17:46:39.892, 1, 266.39, 47, 2835, 31366
2026/09/25 17:46:40.392, 0, 277.64, 43, 2857, 31896
2026/09/25 17:46:40.392, 1, 264.98, 46, 2827, 31366
2026/09/25 17:46:40.892, 0, 285.72, 43, 2857, 31896
2026/09/25 17:46:40.892, 1, 269.33, 46, 2827, 31366
2026/09/25 17:46:41.393, 0, 284.34, 45, 2857, 31896
2026/09/25 17:46:41.393, 1, 268.82, 46, 2835, 31366
2026/09/25 17:46:41.893, 0, 283.45, 42, 2857, 31896
2026/09/25 17:46:41.893, 1, 265.64, 46, 2835, 31366
2026/09/25 17:46:42.393, 0, 283.37, 43, 2857, 31896
2026/09/25 17:46:42.393, 1, 264.67, 46, 2835, 31366
2026/09/25 17:46:42.893, 0, 282.26, 42, 2857, 31896
2026/09/25 17:46:42.893, 1, 265.26, 47, 2827, 31366
2026/09/25 17:46:43.393, 0, 283.48, 42, 2857, 31896
2026/09/25 17:46:43.393, 1, 268.92, 45, 2827, 31366
2026/09/25 17:46:43.893, 0, 284.01, 45, 2857, 31896
2026/09/25 17:46:43.893, 1, 268.62, 45, 2835, 31366
2026/09/25 17:46:44.393, 0, 285.89, 42, 2857, 31896
2026/09/25 17:46:44.394, 1, 264.45, 46, 2835, 31366
2026/09/25 17:46:44.894, 0, 284.40, 43, 2857, 31896
2026/09/25 17:46:44.894, 1, 263.26, 45, 2835, 31366
2026/09/25 17:46:45.394, 0, 283.37, 43, 2857, 31896
2026/09/25 17:46:45.394, 1, 265.44, 46, 2835, 31366
2026/09/25 17:46:45.894, 0, 286.91, 43, 2857, 31896
2026/09/25 17:46:45.894, 1, 266.83, 46, 2827, 31366
