2026/09/25 21:30:22.964, 0, 293.33, 41, 2857, 31938
2026/09/25 21:30:22.966, 1, 275.55, 45, 2827, 31366
2026/09/25 21:30:23.472, 0, 293.33, 31, 2857, 31938
2026/09/25 21:30:23.472, 1, 275.55, 45, 2827, 31366
2026/09/25 21:30:23.972, 0, 237.75, 41, 2880, 31938
2026/09/25 21:30:23.972, 1, 236.53, 49, 2842, 31366
2026/09/25 21:30:24.473, 0, 237.75, 41, 2880, 31938
2026/09/25 21:30:24.473, 1, 236.53, 47, 2842, 31366
2026/09/25 21:30:24.973, 0, 238.38, 43, 2880, 31938
2026/09/25 21:30:24.973, 1, 245.24, 50, 2842, 31366
2026/09/25 21:30:25.473, 0, 238.38, 42, 2880, 31938
2026/09/25 21:30:25.473, 1, 245.24, 48, 2842, 31366
2026/09/25 21:30:25.973, 0, 239.32, 42, 2880, 31938
2026/09/25 21:30:25.973, 1, 244.64, 48, 2842, 31366
2026/09/25 21:30:26.473, 0, 239.32, 41, 2880, 31938
2026/09/25 21:30:26.473, 1, 244.64, 47, 2842, 31366
2026/09/25 21:30:26.973, 0, 239.58, 42, 2880, 31938
2026/09/25 21:30:26.973, 1, 244.37, 47, 2842, 31366
2026/09/25 21:30:27.473, 0, 239.58, 44, 2880, 31938
2026/09/25 21:30:27.473, 1, 244.37, 48, 2842, 31366
2026/09/25 21:30:27.974, 0, 229.40, 43, 2895, 31938
2026/09/25 21:30:27.974, 1, 232.33, 49, 2857, 31406
2026/09/25 21:30:28.474, 0, 347.27, 92, 2812, 31958
2026/09/25 21:30:28.474, 1, 270.84, 100, 2782, 31446
2026/09/25 21:30:28.974, 0, 422.33, 69, 2872, 31958
2026/09/25 21:30:28.974, 1, 357.23, 0, 2820, 31446
2026/09/25 21:30:29.474, 0, 338.94, 56, 2880, 31958
2026/09/25 21:30:29.474, 1, 359.74, 38, 2842, 31446
2026/09/25 21:30:29.974, 0, 338.94, 56, 2880, 31958
2026/09/25 21:30:29.974, 1, 359.74, 38, 2842, 31446
2026/09/25 21:30:30.474, 0, 229.26, 40, 2880, 31958
2026/09/25 21:30:30.474, 1, 245.06, 46, 2842, 31446
2026/09/25 21:30:30.974, 0, 229.26, 40, 2880, 31958
2026/09/25 21:30:30.975, 1, 245.06, 48, 2842, 31446
2026/09/25 21:30:31.475, 0, 235.85, 40, 2887, 31958
2026/09/25 21:30:31.475, 1, 241.56, 46, 2850, 31446
2026/09/25 21:30:31.975, 0, 235.85, 41, 2887, 31958
2026/09/25 21:30:31.975, 1, 241.56, 46, 2850, 31446
2026/09/25 21:30:32.475, 0, 237.53, 39, 2887, 31958
2026/09/25 21:30:32.475, 1, 242.51, 42, 2850, 31446
2026/09/25 21:30:32.975, 0, 237.53, 41, 2887, 31958
2026/09/25 21:30:32.975, 1, 242.51, 47, 2850, 31446
2026/09/25 21:30:33.475, 0, 220.95, 25, 2887, 31958
2026/09/25 21:30:33.475, 1, 221.66, 36, 2857, 31448
2026/09/25 21:30:33.975, 0, 345.86, 100, 2812, 31958
2026/09/25 21:30:33.975, 1, 271.48, 77, 2790, 31448
2026/09/25 21:30:34.475, 0, 513.52, 100, 2812, 31958
2026/09/25 21:30:34.476, 1, 395.43, 100, 2775, 31448
2026/09/25 21:30:34.976, 0, 525.04, 89, 2812, 31958
2026/09/25 21:30:34.976, 1, 482.40, 100, 2775, 31448
2026/09/25 21:30:35.476, 0, 432.46, 48, 2842, 31958
2026/09/25 21:30:35.476, 1, 413.76, 79, 2835, 31448
2026/09/25 21:30:35.976, 0, 432.46, 30, 2842, 31958
2026/09/25 21:30:35.976, 1, 413.76, 45, 2835, 31448
2026/09/25 21:30:36.476, 0, 432.46, 40, 2842, 31958
2026/09/25 21:30:36.476, 1, 413.76, 47, 2835, 31448
2026/09/25 21:30:36.976, 0, 235.93, 41, 2880, 31958
2026/09/25 21:30:36.976, 1, 245.38, 47, 2850, 31448
2026/09/25 21:30:37.476, 0, 235.93, 40, 2880, 31958
2026/09/25 21:30:37.476, 1, 245.38, 46, 2850, 31448
2026/09/25 21:30:37.976, 0, 237.09, 41, 2887, 31958
2026/09/25 21:30:37.976, 1, 244.04, 47, 2850, 31448
2026/09/25 21:30:38.476, 0, 237.09, 41, 2887, 31958
2026/09/25 21:30:38.477, 1, 244.04, 47, 2850, 31448
2026/09/25 21:30:38.977, 0, 237.33, 41, 2880, 31958
2026/09/25 21:30:38.977, 1, 243.10, 46, 2850, 31448
2026/09/25 21:30:39.477, 0, 237.33, 41, 2880, 31958
2026/09/25 21:30:39.477, 1, 243.10, 48, 2850, 31448
2026/09/25 21:30:39.977, 0, 219.80, 13, 2895, 31958
2026/09/25 21:30:39.977, 1, 220.92, 16, 2865, 31448
2026/09/25 21:30:40.477, 0, 340.66, 100, 2812, 31958
2026/09/25 21:30:40.477, 1, 272.27, 89, 2790, 31448
2026/09/25 21:30:40.977, 0, 477.65, 97, 2812, 31958
2026/09/25 21:30:40.977, 1, 388.98, 100, 2775, 31448
2026/09/25 21:30:41.477, 0, 531.16, 91, 2812, 31958
2026/09/25 21:30:41.477, 1, 487.16, 100, 2775, 31448
2026/09/25 21:30:41.977, 0, 528.44, 90, 2812, 31958
2026/09/25 21:30:41.978, 1, 483.81, 80, 2775, 31448
2026/09/25 21:30:42.478, 0, 528.15, 91, 2812, 31958
2026/09/25 21:30:42.478, 1, 483.39, 81, 2782, 31448
2026/09/25 21:30:42.978, 0, 468.24, 1, 2880, 31958
2026/09/25 21:30:42.978, 1, 480.42, 74, 2790, 31448
2026/09/25 21:30:43.478, 0, 466.49, 100, 2812, 31958
2026/09/25 21:30:43.478, 1, 428.48, 87, 2782, 31448
2026/09/25 21:30:43.978, 0, 378.41, 0, 2865, 31958
2026/09/25 21:30:43.978, 1, 361.30, 100, 2812, 31448
2026/09/25 21:30:44.478, 0, 378.41, 0, 2865, 31958
2026/09/25 21:30:44.478, 1, 361.30, 100, 2812, 31448
2026/09/25 21:30:44.978, 0, 233.22, 41, 2887, 31958
2026/09/25 21:30:44.978, 1, 286.08, 47, 2850, 31448
2026/09/25 21:30:45.478, 0, 233.22, 41, 2887, 31958
2026/09/25 21:30:45.478, 1, 286.08, 47, 2850, 31448
2026/09/25 21:30:45.979, 0, 234.92, 42, 2880, 31958
2026/09/25 21:30:45.979, 1, 243.55, 46, 2850, 31448
2026/09/25 21:30:46.479, 0, 234.92, 40, 2880, 31958
2026/09/25 21:30:46.479, 1, 243.55, 47, 2850, 31448
2026/09/25 21:30:46.979, 0, 232.76, 41, 2880, 31958
2026/09/25 21:30:46.979, 1, 241.17, 46, 2850, 31448
2026/09/25 21:30:47.479, 0, 232.76, 40, 2880, 31958
2026/09/25 21:30:47.479, 1, 241.17, 47, 2850, 31448
2026/09/25 21:30:47.979, 0, 234.83, 41, 2880, 31958
2026/09/25 21:30:47.979, 1, 243.11, 47, 2850, 31448
2026/09/25 21:30:48.479, 0, 234.83, 41, 2880, 31958
2026/09/25 21:30:48.479, 1, 243.11, 46, 2850, 31448
2026/09/25 21:30:48.979, 0, 251.70, 100, 2835, 31958
2026/09/25 21:30:48.979, 1, 187.95, 27, 2850, 31448
2026/09/25 21:30:49.479, 0, 386.47, 100, 2812, 31958
2026/09/25 21:30:49.480, 1, 296.97, 82, 2782, 31448
2026/09/25 21:30:49.980, 0, 533.01, 100, 2812, 31958
2026/09/25 21:30:49.980, 1, 456.46, 94, 2782, 31448
2026/09/25 21:30:50.480, 0, 529.93, 95, 2812, 31958
2026/09/25 21:30:50.480, 1, 493.45, 100, 2775, 31448
2026/09/25 21:30:50.980, 0, 532.46, 91, 2812, 31958
2026/09/25 21:30:50.980, 1, 485.32, 100, 2775, 31448
2026/09/25 21:30:51.480, 0, 528.68, 91, 2812, 31958
2026/09/25 21:30:51.480, 1, 489.81, 81, 2775, 31448
2026/09/25 21:30:51.980, 0, 457.56, 100, 2827, 31958
2026/09/25 21:30:51.980, 1, 427.92, 44, 2842, 31448
2026/09/25 21:30:52.480, 0, 461.74, 100, 2812, 31958
2026/09/25 21:30:52.480, 1, 420.92, 81, 2782, 31448
2026/09/25 21:30:52.980, 0, 535.49, 100, 2812, 31958
2026/09/25 21:30:52.981, 1, 493.35, 99, 2782, 31448
2026/09/25 21:30:53.481, 0, 535.49, 91, 2812, 31958
2026/09/25 21:30:53.481, 1, 493.35, 100, 2782, 31448
2026/09/25 21:30:53.981, 0, 534.07, 92, 2812, 31958
2026/09/25 21:30:53.981, 1, 489.13, 90, 2775, 31448
2026/09/25 21:30:54.481, 0, 532.84, 92, 2812, 31958
2026/09/25 21:30:54.481, 1, 483.52, 80, 2782, 31448
2026/09/25 21:30:54.981, 0, 460.97, 100, 2835, 31958
2026/09/25 21:30:54.981, 1, 419.27, 11, 2850, 31448
2026/09/25 21:30:55.481, 0, 463.07, 100, 2812, 31958
2026/09/25 21:30:55.481, 1, 423.67, 100, 2782, 31448
2026/09/25 21:30:55.981, 0, 535.91, 96, 2797, 31958
2026/09/25 21:30:55.981, 1, 490.18, 100, 2775, 31448
2026/09/25 21:30:56.481, 0, 516.60, 52, 2827, 31958
2026/09/25 21:30:56.482, 1, 487.94, 81, 2782, 31448
2026/09/25 21:30:56.982, 0, 376.96, 4, 2887, 31958
2026/09/25 21:30:56.982, 1, 405.13, 51, 2805, 31448
2026/09/25 21:30:57.482, 0, 376.96, 4, 2887, 31958
2026/09/25 21:30:57.483, 1, 405.13, 51, 2805, 31448
2026/09/25 21:30:57.983, 0, 226.49, 40, 2880, 31958
2026/09/25 21:30:57.983, 1, 248.16, 47, 2842, 31448
2026/09/25 21:30:58.483, 0, 226.49, 42, 2880, 31958
2026/09/25 21:30:58.483, 1, 248.16, 46, 2842, 31448
2026/09/25 21:30:58.983, 0, 237.22, 41, 2880, 31958
2026/09/25 21:30:58.983, 1, 243.48, 48, 2850, 31448
2026/09/25 21:30:59.483, 0, 237.22, 41, 2880, 31958
2026/09/25 21:30:59.483, 1, 243.48, 47, 2850, 31448
2026/09/25 21:30:59.983, 0, 235.33, 40, 2887, 31958
2026/09/25 21:30:59.984, 1, 242.37, 48, 2850, 31448
2026/09/25 21:31:00.484, 0, 235.33, 40, 2887, 31958
2026/09/25 21:31:00.484, 1, 242.37, 47, 2850, 31448
2026/09/25 21:31:00.984, 0, 233.16, 40, 2880, 31958
2026/09/25 21:31:00.984, 1, 240.35, 47, 2850, 31448
2026/09/25 21:31:01.484, 0, 233.16, 0, 2880, 31958
2026/09/25 21:31:01.484, 1, 240.35, 0, 2850, 31448
2026/09/25 21:31:01.984, 0, 273.11, 100, 2812, 31958
2026/09/25 21:31:01.984, 1, 197.56, 68, 2805, 31448
2026/09/25 21:31:02.484, 0, 424.08, 100, 2812, 31958
2026/09/25 21:31:02.485, 1, 353.99, 86, 2782, 31448
2026/09/25 21:31:02.985, 0, 534.90, 100, 2812, 31958
2026/09/25 21:31:02.985, 1, 484.06, 98, 2782, 31448
2026/09/25 21:31:03.485, 0, 536.45, 100, 2812, 31958
2026/09/25 21:31:03.485, 1, 496.71, 100, 2775, 31448
2026/09/25 21:31:03.985, 0, 537.29, 91, 2812, 31958
2026/09/25 21:31:03.985, 1, 492.15, 100, 2775, 31448
2026/09/25 21:31:04.485, 0, 515.63, 27, 2842, 31958
2026/09/25 21:31:04.486, 1, 495.62, 100, 2775, 31448
2026/09/25 21:31:04.986, 0, 470.29, 95, 2812, 31958
2026/09/25 21:31:04.986, 1, 433.03, 81, 2782, 31448
2026/09/25 21:31:05.486, 0, 491.77, 96, 2812, 31958
2026/09/25 21:31:05.486, 1, 420.92, 85, 2775, 31448
2026/09/25 21:31:05.986, 0, 540.53, 100, 2812, 31958
2026/09/25 21:31:05.986, 1, 484.42, 86, 2782, 31448
2026/09/25 21:31:06.486, 0, 540.53, 100, 2812, 31958
2026/09/25 21:31:06.486, 1, 484.42, 89, 2782, 31448
2026/09/25 21:31:06.986, 0, 537.05, 100, 2812, 31958
2026/09/25 21:31:06.987, 1, 492.10, 100, 2775, 31448
2026/09/25 21:31:07.487, 0, 506.39, 24, 2835, 31958
2026/09/25 21:31:07.487, 1, 486.89, 100, 2782, 31448
2026/09/25 21:31:07.987, 0, 459.19, 95, 2812, 31958
2026/09/25 21:31:07.987, 1, 416.98, 81, 2782, 31448
2026/09/25 21:31:08.487, 0, 491.89, 96, 2812, 31958
2026/09/25 21:31:08.487, 1, 418.44, 84, 2782, 31448
2026/09/25 21:31:08.987, 0, 543.34, 100, 2805, 31958
2026/09/25 21:31:08.988, 1, 490.66, 85, 2782, 31448
2026/09/25 21:31:09.488, 0, 541.16, 100, 2812, 31958
2026/09/25 21:31:09.488, 1, 496.56, 100, 2782, 31448
2026/09/25 21:31:09.988, 0, 539.59, 96, 2812, 31958
2026/09/25 21:31:09.988, 1, 492.37, 100, 2782, 31448
2026/09/25 21:31:10.488, 0, 539.59, 42, 2812, 31958
2026/09/25 21:31:10.488, 1, 492.37, 85, 2782, 31448
2026/09/25 21:31:10.988, 0, 459.64, 96, 2812, 31958
2026/09/25 21:31:10.989, 1, 427.54, 81, 2790, 31448
2026/09/25 21:31:11.489, 0, 467.30, 100, 2812, 31958
2026/09/25 21:31:11.489, 1, 416.59, 84, 2782, 31448
2026/09/25 21:31:11.989, 0, 537.20, 100, 2812, 31958
2026/09/25 21:31:11.989, 1, 485.91, 100, 2782, 31448
2026/09/25 21:31:12.489, 0, 536.96, 96, 2812, 31958
2026/09/25 21:31:12.489, 1, 488.52, 100, 2775, 31448
2026/09/25 21:31:12.989, 0, 538.43, 91, 2812, 31958
2026/09/25 21:31:12.990, 1, 487.18, 84, 2782, 31448
2026/09/25 21:31:13.490, 0, 539.27, 100, 2820, 31958
2026/09/25 21:31:13.490, 1, 486.65, 85, 2782, 31448
2026/09/25 21:31:13.990, 0, 461.56, 100, 2812, 31958
2026/09/25 21:31:13.990, 1, 426.32, 100, 2812, 31448
2026/09/25 21:31:14.490, 0, 458.90, 100, 2812, 31958
2026/09/25 21:31:14.490, 1, 421.44, 100, 2782, 31448
2026/09/25 21:31:14.990, 0, 539.55, 96, 2812, 31958
2026/09/25 21:31:14.990, 1, 421.44, 84, 2782, 31448
2026/09/25 21:31:15.491, 0, 539.64, 100, 2812, 31958
2026/09/25 21:31:15.491, 1, 485.13, 84, 2782, 31448
2026/09/25 21:31:15.991, 0, 537.69, 100, 2782, 31958
2026/09/25 21:31:15.991, 1, 491.90, 100, 2782, 31448
2026/09/25 21:31:16.491, 0, 537.95, 96, 2805, 31958
2026/09/25 21:31:16.491, 1, 486.77, 100, 2775, 31448
2026/09/25 21:31:16.991, 0, 456.33, 100, 2820, 31958
2026/09/25 21:31:16.991, 1, 424.36, 57, 2842, 31448
2026/09/25 21:31:17.492, 0, 375.63, 100, 2842, 31958
2026/09/25 21:31:17.492, 1, 342.15, 5, 2850, 31448
2026/09/25 21:31:17.992, 0, 319.02, 0, 2872, 31958
2026/09/25 21:31:17.992, 1, 346.51, 85, 2812, 31448
2026/09/25 21:31:18.492, 0, 319.02, 0, 2872, 31958
2026/09/25 21:31:18.492, 1, 346.51, 85, 2812, 31448
2026/09/25 21:31:18.992, 0, 214.30, 42, 2880, 31958
2026/09/25 21:31:18.992, 1, 235.94, 48, 2850, 31448
2026/09/25 21:31:19.492, 0, 214.30, 41, 2880, 31958
2026/09/25 21:31:19.492, 1, 235.94, 47, 2850, 31448
2026/09/25 21:31:19.993, 0, 237.32, 41, 2880, 31958
2026/09/25 21:31:19.993, 1, 245.14, 48, 2842, 31448
2026/09/25 21:31:20.493, 0, 237.32, 42, 2880, 31958
2026/09/25 21:31:20.493, 1, 245.14, 47, 2842, 31448
2026/09/25 21:31:20.993, 0, 236.85, 42, 2880, 31958
2026/09/25 21:31:20.993, 1, 243.25, 47, 2850, 31448
2026/09/25 21:31:21.493, 0, 236.85, 40, 2880, 31958
2026/09/25 21:31:21.493, 1, 243.25, 48, 2850, 31448
2026/09/25 21:31:21.993, 0, 234.85, 41, 2880, 31958
2026/09/25 21:31:21.994, 1, 242.24, 48, 2850, 31448
2026/09/25 21:31:22.494, 0, 234.85, 0, 2880, 31958
2026/09/25 21:31:22.494, 1, 242.24, 0, 2850, 31448
2026/09/25 21:31:22.994, 0, 140.19, 0, 2902, 31958
2026/09/25 21:31:22.994, 1, 127.90, 0, 2865, 31448
2026/09/25 21:31:23.494, 0, 140.19, 40, 2902, 31958
2026/09/25 21:31:23.494, 1, 127.90, 47, 2865, 31448
2026/09/25 21:31:23.994, 0, 199.80, 44, 2880, 31958
2026/09/25 21:31:23.994, 1, 210.71, 49, 2842, 31448
2026/09/25 21:31:24.495, 0, 199.80, 41, 2880, 31958
2026/09/25 21:31:24.495, 1, 210.71, 48, 2842, 31448
2026/09/25 21:31:24.995, 0, 239.22, 42, 2880, 31958
2026/09/25 21:31:24.995, 1, 242.92, 50, 2842, 31448
2026/09/25 21:31:25.495, 0, 239.22, 41, 2880, 31958
2026/09/25 21:31:25.495, 1, 242.92, 47, 2842, 31448
2026/09/25 21:31:25.995, 0, 237.24, 42, 2880, 31958
2026/09/25 21:31:25.995, 1, 241.52, 46, 2842, 31448
2026/09/25 21:31:26.495, 0, 237.24, 45, 2880, 31958
2026/09/25 21:31:26.495, 1, 241.52, 49, 2842, 31448
2026/09/25 21:31:26.996, 0, 240.06, 41, 2880, 31958
2026/09/25 21:31:26.996, 1, 243.34, 47, 2842, 31448
2026/09/25 21:31:27.496, 0, 240.06, 35, 2880, 31958
2026/09/25 21:31:27.496, 1, 243.34, 30, 2842, 31448
2026/09/25 21:31:27.996, 0, 247.94, 5, 2865, 31958
2026/09/25 21:31:27.996, 1, 232.83, 63, 2820, 31448
2026/09/25 21:31:28.496, 0, 315.02, 100, 2850, 31958
2026/09/25 21:31:28.496, 1, 236.52, 25, 2842, 31448
2026/09/25 21:31:28.996, 0, 315.02, 37, 2850, 31958
2026/09/25 21:31:28.997, 1, 236.52, 42, 2842, 31448
2026/09/25 21:31:29.497, 0, 315.02, 42, 2850, 31958
2026/09/25 21:31:29.497, 1, 236.52, 49, 2842, 31448
2026/09/25 21:31:29.997, 0, 236.55, 43, 2880, 31958
2026/09/25 21:31:29.997, 1, 239.03, 47, 2842, 31448
2026/09/25 21:31:30.497, 0, 236.55, 41, 2880, 31958
2026/09/25 21:31:30.497, 1, 239.03, 47, 2842, 31448
2026/09/25 21:31:30.997, 0, 236.69, 41, 2880, 31958
2026/09/25 21:31:30.997, 1, 239.70, 47, 2850, 31448
2026/09/25 21:31:31.497, 0, 236.69, 40, 2880, 31958
2026/09/25 21:31:31.498, 1, 239.70, 46, 2850, 31448
2026/09/25 21:31:31.998, 0, 237.13, 43, 2880, 31958
2026/09/25 21:31:31.998, 1, 237.21, 49, 2850, 31448
2026/09/25 21:31:32.498, 0, 237.13, 42, 2880, 31958
2026/09/25 21:31:32.498, 1, 237.21, 47, 2850, 31448
2026/09/25 21:31:32.998, 0, 237.08, 41, 2880, 31958
2026/09/25 21:31:32.998, 1, 240.93, 46, 2842, 31448
2026/09/25 21:31:33.498, 0, 237.08, 27, 2880, 31958
2026/09/25 21:31:33.498, 1, 240.93, 7, 2842, 31448
2026/09/25 21:31:33.999, 0, 367.49, 87, 2820, 31958
2026/09/25 21:31:33.999, 1, 274.94, 66, 2790, 31448
2026/09/25 21:31:34.499, 0, 424.22, 100, 2842, 31958
2026/09/25 21:31:34.499, 1, 351.51, 13, 2850, 31448
2026/09/25 21:31:34.999, 0, 308.67, 8, 2880, 31958
2026/09/25 21:31:34.999, 1, 336.65, 40, 2820, 31448
2026/09/25 21:31:35.499, 0, 308.67, 8, 2880, 31958
2026/09/25 21:31:35.499, 1, 336.65, 40, 2820, 31448
2026/09/25 21:31:35.999, 0, 224.05, 40, 2880, 31958
2026/09/25 21:31:35.999, 1, 245.16, 47, 2842, 31448
2026/09/25 21:31:36.500, 0, 224.05, 41, 2880, 31958
2026/09/25 21:31:36.500, 1, 245.16, 46, 2842, 31448
2026/09/25 21:31:37.000, 0, 239.54, 41, 2887, 31958
2026/09/25 21:31:37.000, 1, 239.80, 47, 2850, 31448
2026/09/25 21:31:37.500, 0, 239.54, 40, 2887, 31958
2026/09/25 21:31:37.500, 1, 239.80, 46, 2850, 31448
2026/09/25 21:31:38.000, 0, 241.51, 42, 2880, 31958
2026/09/25 21:31:38.000, 1, 243.21, 48, 2842, 31448
2026/09/25 21:31:38.500, 0, 241.51, 40, 2880, 31958
2026/09/25 21:31:38.500, 1, 243.21, 47, 2842, 31448
2026/09/25 21:31:39.000, 0, 227.54, 41, 2887, 31958
2026/09/25 21:31:39.001, 1, 231.13, 47, 2850, 31448
2026/09/25 21:31:39.501, 0, 227.54, 100, 2887, 31958
2026/09/25 21:31:39.501, 1, 231.13, 20, 2850, 31448
2026/09/25 21:31:40.001, 0, 408.39, 100, 2812, 31958
2026/09/25 21:31:40.001, 1, 306.83, 86, 2790, 31448
2026/09/25 21:31:40.501, 0, 529.42, 100, 2812, 31958
2026/09/25 21:31:40.501, 1, 442.43, 87, 2790, 31448
2026/09/25 21:31:41.001, 0, 518.76, 94, 2812, 31958
2026/09/25 21:31:41.001, 1, 479.73, 100, 2782, 31448
2026/09/25 21:31:41.502, 0, 415.25, 13, 2850, 31958
2026/09/25 21:31:41.502, 1, 420.20, 100, 2820, 31448
2026/09/25 21:31:42.002, 0, 415.25, 40, 2850, 31958
2026/09/25 21:31:42.002, 1, 420.20, 46, 2820, 31448
2026/09/25 21:31:42.502, 0, 415.25, 40, 2850, 31958
2026/09/25 21:31:42.502, 1, 420.20, 47, 2820, 31448
2026/09/25 21:31:43.002, 0, 237.17, 40, 2880, 31958
2026/09/25 21:31:43.002, 1, 239.55, 47, 2850, 31448
2026/09/25 21:31:43.502, 0, 237.17, 41, 2880, 31958
2026/09/25 21:31:43.502, 1, 239.55, 47, 2850, 31448
2026/09/25 21:31:44.003, 0, 236.07, 40, 2887, 31958
2026/09/25 21:31:44.003, 1, 237.73, 46, 2850, 31448
2026/09/25 21:31:44.503, 0, 236.07, 40, 2887, 31958
2026/09/25 21:31:44.503, 1, 237.73, 47, 2850, 31448
2026/09/25 21:31:45.003, 0, 236.01, 40, 2880, 31958
2026/09/25 21:31:45.003, 1, 240.16, 47, 2850, 31448
2026/09/25 21:31:45.503, 0, 236.01, 42, 2880, 31958
2026/09/25 21:31:45.503, 1, 240.16, 47, 2850, 31448
2026/09/25 21:31:46.003, 0, 236.49, 43, 2880, 31958
2026/09/25 21:31:46.003, 1, 240.06, 48, 2842, 31448
2026/09/25 21:31:46.504, 0, 236.49, 14, 2880, 31958
2026/09/25 21:31:46.504, 1, 240.06, 0, 2842, 31448
2026/09/25 21:31:47.004, 0, 362.67, 89, 2812, 31958
2026/09/25 21:31:47.004, 1, 270.13, 75, 2790, 31448
2026/09/25 21:31:47.504, 0, 532.05, 93, 2812, 31958
2026/09/25 21:31:47.504, 1, 423.96, 79, 2790, 31448
2026/09/25 21:31:48.004, 0, 527.00, 100, 2812, 31958
2026/09/25 21:31:48.004, 1, 467.01, 78, 2790, 31448
2026/09/25 21:31:48.504, 0, 525.36, 100, 2812, 31958
2026/09/25 21:31:48.505, 1, 474.51, 85, 2790, 31448
2026/09/25 21:31:49.005, 0, 526.06, 100, 2812, 31958
2026/09/25 21:31:49.005, 1, 482.68, 100, 2782, 31448
2026/09/25 21:31:49.505, 0, 456.25, 82, 2865, 31958
2026/09/25 21:31:49.505, 1, 438.05, 0, 2827, 31448
2026/09/25 21:31:50.005, 0, 464.56, 90, 2812, 31958
2026/09/25 21:31:50.005, 1, 420.43, 98, 2782, 31448
2026/09/25 21:31:50.505, 0, 511.45, 58, 2820, 31958
2026/09/25 21:31:50.505, 1, 452.25, 79, 2782, 31448
2026/09/25 21:31:51.006, 0, 511.45, 17, 2820, 31958
2026/09/25 21:31:51.006, 1, 452.25, 37, 2782, 31448
2026/09/25 21:31:51.506, 0, 511.45, 40, 2820, 31958
2026/09/25 21:31:51.506, 1, 452.25, 47, 2782, 31448
2026/09/25 21:31:52.006, 0, 237.53, 43, 2880, 31958
2026/09/25 21:31:52.006, 1, 248.07, 49, 2850, 31448
2026/09/25 21:31:52.506, 0, 237.53, 42, 2880, 31958
2026/09/25 21:31:52.506, 1, 248.07, 48, 2850, 31448
2026/09/25 21:31:53.006, 0, 239.13, 41, 2880, 31958
2026/09/25 21:31:53.007, 1, 239.95, 46, 2842, 31448
2026/09/25 21:31:53.507, 0, 239.13, 40, 2880, 31958
2026/09/25 21:31:53.507, 1, 239.95, 46, 2842, 31448
2026/09/25 21:31:54.007, 0, 240.06, 41, 2880, 31958
2026/09/25 21:31:54.007, 1, 241.33, 47, 2842, 31448
2026/09/25 21:31:54.507, 0, 240.06, 40, 2880, 31958
2026/09/25 21:31:54.507, 1, 241.33, 48, 2842, 31448
2026/09/25 21:31:55.007, 0, 237.30, 42, 2880, 31958
2026/09/25 21:31:55.007, 1, 239.69, 47, 2842, 31448
2026/09/25 21:31:55.507, 0, 237.30, 42, 2880, 31958
2026/09/25 21:31:55.508, 1, 239.69, 47, 2842, 31448
2026/09/25 21:31:56.008, 0, 206.72, 0, 2902, 31958
2026/09/25 21:31:56.008, 1, 200.07, 0, 2872, 31448
2026/09/25 21:31:56.508, 0, 329.08, 100, 2812, 31958
2026/09/25 21:31:56.508, 1, 245.01, 94, 2797, 31448
2026/09/25 21:31:57.009, 0, 503.51, 97, 2805, 31958
2026/09/25 21:31:57.009, 1, 400.48, 100, 2775, 31448
2026/09/25 21:31:57.509, 0, 528.58, 90, 2797, 31958
2026/09/25 21:31:57.509, 1, 478.64, 100, 2775, 31448
2026/09/25 21:31:58.009, 0, 529.96, 91, 2812, 31958
2026/09/25 21:31:58.009, 1, 473.72, 97, 2782, 31448
2026/09/25 21:31:58.509, 0, 533.76, 91, 2812, 31958
2026/09/25 21:31:58.510, 1, 476.61, 84, 2775, 31448
2026/09/25 21:31:59.010, 0, 458.58, 26, 2872, 31958
2026/09/25 21:31:59.010, 1, 462.81, 32, 2805, 31448
2026/09/25 21:31:59.510, 0, 465.80, 91, 2812, 31958
2026/09/25 21:31:59.510, 1, 416.97, 80, 2790, 31448
2026/09/25 21:32:00.010, 0, 534.15, 100, 2812, 31958
2026/09/25 21:32:00.010, 1, 431.29, 81, 2790, 31448
2026/09/25 21:32:00.510, 0, 534.15, 100, 2812, 31958
2026/09/25 21:32:00.511, 1, 431.29, 96, 2790, 31448
2026/09/25 21:32:01.011, 0, 530.98, 94, 2812, 31958
2026/09/25 21:32:01.011, 1, 482.84, 100, 2775, 31448
2026/09/25 21:32:01.511, 0, 530.17, 92, 2812, 31958
2026/09/25 21:32:01.511, 1, 478.99, 95, 2782, 31448
2026/09/25 21:32:02.011, 0, 451.16, 27, 2872, 31958
2026/09/25 21:32:02.011, 1, 461.91, 27, 2805, 31448
2026/09/25 21:32:02.511, 0, 455.01, 96, 2805, 31958
2026/09/25 21:32:02.511, 1, 413.60, 79, 2790, 31448
2026/09/25 21:32:03.012, 0, 535.74, 100, 2797, 31958
2026/09/25 21:32:03.012, 1, 431.66, 84, 2790, 31448
2026/09/25 21:32:03.512, 0, 532.15, 100, 2812, 31958
2026/09/25 21:32:03.512, 1, 483.94, 100, 2775, 31448
2026/09/25 21:32:04.012, 0, 529.62, 91, 2812, 31958
2026/09/25 21:32:04.012, 1, 478.92, 100, 2775, 31448
2026/09/25 21:32:04.512, 0, 529.62, 37, 2812, 31958
2026/09/25 21:32:04.512, 1, 478.92, 20, 2775, 31448
2026/09/25 21:32:05.012, 0, 360.34, 49, 2850, 31958
2026/09/25 21:32:05.013, 1, 357.96, 77, 2835, 31448
2026/09/25 21:32:05.513, 0, 360.34, 49, 2850, 31958
2026/09/25 21:32:05.513, 1, 357.96, 77, 2835, 31448
2026/09/25 21:32:06.013, 0, 224.23, 41, 2887, 31958
2026/09/25 21:32:06.013, 1, 261.22, 48, 2850, 31448
2026/09/25 21:32:06.513, 0, 224.23, 41, 2887, 31958
2026/09/25 21:32:06.513, 1, 261.22, 47, 2850, 31448
2026/09/25 21:32:07.013, 0, 236.43, 41, 2880, 31958
2026/09/25 21:32:07.014, 1, 238.96, 47, 2850, 31448
2026/09/25 21:32:07.514, 0, 236.43, 40, 2880, 31958
2026/09/25 21:32:07.514, 1, 238.96, 45, 2850, 31448
2026/09/25 21:32:08.014, 0, 235.95, 42, 2880, 31958
2026/09/25 21:32:08.014, 1, 237.38, 48, 2850, 31448
2026/09/25 21:32:08.514, 0, 235.95, 41, 2880, 31958
2026/09/25 21:32:08.514, 1, 237.38, 47, 2850, 31448
2026/09/25 21:32:09.014, 0, 237.78, 41, 2880, 31958
2026/09/25 21:32:09.015, 1, 238.71, 46, 2842, 31448
2026/09/25 21:32:09.515, 0, 237.78, 38, 2880, 31958
2026/09/25 21:32:09.515, 1, 238.71, 44, 2842, 31448
2026/09/25 21:32:10.015, 0, 204.33, 4, 2902, 31958
2026/09/25 21:32:10.015, 1, 209.44, 2, 2865, 31448
2026/09/25 21:32:10.515, 0, 256.87, 100, 2797, 31958
2026/09/25 21:32:10.515, 1, 185.95, 100, 2827, 31448
2026/09/25 21:32:11.015, 0, 425.12, 92, 2812, 31958
2026/09/25 21:32:11.016, 1, 306.32, 100, 2775, 31448
2026/09/25 21:32:11.516, 0, 533.03, 91, 2812, 31958
2026/09/25 21:32:11.516, 1, 477.51, 100, 2775, 31448
2026/09/25 21:32:12.016, 0, 532.64, 91, 2812, 31958
2026/09/25 21:32:12.016, 1, 483.54, 94, 2775, 31448
2026/09/25 21:32:12.516, 0, 530.64, 91, 2812, 31958
2026/09/25 21:32:12.516, 1, 482.11, 80, 2782, 31448
2026/09/25 21:32:13.016, 0, 488.34, 76, 2827, 31958
2026/09/25 21:32:13.016, 1, 477.76, 80, 2782, 31448
2026/09/25 21:32:13.517, 0, 468.98, 94, 2812, 31958
2026/09/25 21:32:13.517, 1, 416.23, 81, 2797, 31448
2026/09/25 21:32:14.017, 0, 512.08, 100, 2812, 31958
2026/09/25 21:32:14.017, 1, 417.42, 81, 2782, 31448
2026/09/25 21:32:14.517, 0, 512.08, 100, 2812, 31958
2026/09/25 21:32:14.517, 1, 417.42, 90, 2782, 31448
2026/09/25 21:32:15.017, 0, 530.32, 95, 2812, 31958
2026/09/25 21:32:15.017, 1, 486.55, 100, 2775, 31448
2026/09/25 21:32:15.517, 0, 531.91, 91, 2805, 31958
2026/09/25 21:32:15.518, 1, 481.19, 100, 2775, 31448
2026/09/25 21:32:16.018, 0, 477.23, 54, 2835, 31958
2026/09/25 21:32:16.018, 1, 481.98, 81, 2775, 31448
2026/09/25 21:32:16.518, 0, 460.52, 96, 2812, 31958
2026/09/25 21:32:16.518, 1, 412.88, 81, 2790, 31448
2026/09/25 21:32:17.018, 0, 482.30, 100, 2820, 31958
2026/09/25 21:32:17.018, 1, 415.73, 81, 2790, 31448
2026/09/25 21:32:17.518, 0, 534.96, 100, 2812, 31958
2026/09/25 21:32:17.518, 1, 481.82, 90, 2782, 31448
2026/09/25 21:32:18.019, 0, 532.68, 96, 2805, 31958
2026/09/25 21:32:18.019, 1, 487.27, 100, 2775, 31448
2026/09/25 21:32:18.519, 0, 532.26, 92, 2797, 31958
2026/09/25 21:32:18.519, 1, 478.63, 95, 2782, 31448
2026/09/25 21:32:19.019, 0, 532.26, 63, 2797, 31958
2026/09/25 21:32:19.019, 1, 478.63, 83, 2782, 31448
2026/09/25 21:32:19.519, 0, 468.10, 96, 2805, 31958
2026/09/25 21:32:19.519, 1, 407.98, 79, 2797, 31448
2026/09/25 21:32:20.020, 0, 478.19, 100, 2812, 31958
2026/09/25 21:32:20.020, 1, 414.40, 84, 2790, 31448
2026/09/25 21:32:20.520, 0, 533.61, 98, 2797, 31958
2026/09/25 21:32:20.520, 1, 481.57, 100, 2782, 31448
2026/09/25 21:32:21.020, 0, 532.07, 91, 2812, 31958
2026/09/25 21:32:21.020, 1, 479.28, 99, 2782, 31448
2026/09/25 21:32:21.520, 0, 533.27, 91, 2812, 31958
2026/09/25 21:32:21.520, 1, 477.28, 83, 2782, 31448
2026/09/25 21:32:22.020, 0, 497.31, 100, 2820, 31958
2026/09/25 21:32:22.021, 1, 474.96, 83, 2790, 31448
2026/09/25 21:32:22.521, 0, 466.95, 100, 2812, 31958
2026/09/25 21:32:22.521, 1, 417.65, 90, 2812, 31448
2026/09/25 21:32:23.021, 0, 466.95, 92, 2812, 31958
2026/09/25 21:32:23.021, 1, 417.65, 100, 2812, 31448
2026/09/25 21:32:23.521, 0, 538.94, 95, 2812, 31958
2026/09/25 21:32:23.521, 1, 472.51, 86, 2775, 31448
2026/09/25 21:32:24.021, 0, 421.46, 85, 2835, 31958
2026/09/25 21:32:24.022, 1, 406.91, 42, 2850, 31448
2026/09/25 21:32:24.522, 0, 421.46, 30, 2835, 31958
2026/09/25 21:32:24.522, 1, 406.91, 40, 2850, 31448
2026/09/25 21:32:25.022, 0, 421.46, 41, 2835, 31958
2026/09/25 21:32:25.022, 1, 406.91, 48, 2850, 31448
2026/09/25 21:32:25.522, 0, 233.80, 43, 2880, 31958
2026/09/25 21:32:25.522, 1, 236.38, 50, 2850, 31448
2026/09/25 21:32:26.022, 0, 233.80, 40, 2880, 31958
2026/09/25 21:32:26.022, 1, 236.38, 47, 2850, 31448
2026/09/25 21:32:26.522, 0, 234.16, 41, 2880, 31958
2026/09/25 21:32:26.523, 1, 234.21, 48, 2850, 31448
2026/09/25 21:32:27.023, 0, 234.16, 41, 2880, 31958
2026/09/25 21:32:27.023, 1, 234.21, 48, 2850, 31448
2026/09/25 21:32:27.523, 0, 233.39, 41, 2880, 31958
2026/09/25 21:32:27.523, 1, 235.04, 47, 2850, 31448
2026/09/25 21:32:28.023, 0, 233.39, 0, 2880, 31958
2026/09/25 21:32:28.023, 1, 235.04, 0, 2850, 31448
2026/09/25 21:32:28.523, 0, 300.99, 96, 2805, 31958
2026/09/25 21:32:28.523, 1, 180.59, 68, 2805, 31448
2026/09/25 21:32:29.024, 0, 472.04, 96, 2805, 31958
2026/09/25 21:32:29.024, 1, 357.27, 86, 2782, 31448
2026/09/25 21:32:29.524, 0, 544.71, 96, 2812, 31958
2026/09/25 21:32:29.524, 1, 487.66, 80, 2782, 31448
2026/09/25 21:32:30.024, 0, 543.63, 96, 2812, 31958
2026/09/25 21:32:30.024, 1, 486.88, 85, 2782, 31448
2026/09/25 21:32:30.524, 0, 546.48, 98, 2812, 31958
2026/09/25 21:32:30.524, 1, 486.68, 86, 2782, 31448
2026/09/25 21:32:31.024, 0, 469.60, 1, 2865, 31958
2026/09/25 21:32:31.025, 1, 487.98, 73, 2790, 31448
2026/09/25 21:32:31.525, 0, 469.97, 100, 2812, 31958
2026/09/25 21:32:31.525, 1, 425.77, 85, 2782, 31448
2026/09/25 21:32:32.025, 0, 539.47, 100, 2812, 31958
2026/09/25 21:32:32.025, 1, 429.81, 87, 2782, 31448
2026/09/25 21:32:32.525, 0, 543.98, 100, 2812, 31958
2026/09/25 21:32:32.525, 1, 494.71, 100, 2782, 31448
2026/09/25 21:32:33.025, 0, 543.98, 100, 2812, 31958
2026/09/25 21:32:33.025, 1, 494.71, 100, 2782, 31448
2026/09/25 21:32:33.525, 0, 540.95, 96, 2805, 31958
2026/09/25 21:32:33.526, 1, 487.23, 100, 2775, 31448
2026/09/25 21:32:34.026, 0, 471.55, 74, 2865, 31958
2026/09/25 21:32:34.026, 1, 457.38, 0, 2820, 31448
2026/09/25 21:32:34.526, 0, 475.11, 96, 2812, 31958
2026/09/25 21:32:34.526, 1, 430.89, 86, 2775, 31448
2026/09/25 21:32:35.026, 0, 543.69, 96, 2812, 31958
2026/09/25 21:32:35.026, 1, 425.07, 85, 2775, 31448
2026/09/25 21:32:35.526, 0, 541.47, 96, 2812, 31958
2026/09/25 21:32:35.527, 1, 487.51, 84, 2782, 31448
2026/09/25 21:32:36.027, 0, 542.17, 100, 2812, 31958
2026/09/25 21:32:36.027, 1, 487.25, 85, 2782, 31448
2026/09/25 21:32:36.527, 0, 541.66, 100, 2812, 31958
2026/09/25 21:32:36.527, 1, 489.29, 89, 2782, 31448
2026/09/25 21:32:37.027, 0, 541.66, 100, 2812, 31958
2026/09/25 21:32:37.027, 1, 489.29, 0, 2782, 31448
2026/09/25 21:32:37.527, 0, 460.80, 96, 2797, 31958
2026/09/25 21:32:37.527, 1, 411.99, 100, 2782, 31448
2026/09/25 21:32:38.028, 0, 540.73, 96, 2805, 31958
2026/09/25 21:32:38.028, 1, 431.59, 83, 2775, 31448
2026/09/25 21:32:38.528, 0, 541.86, 96, 2812, 31958
2026/09/25 21:32:38.528, 1, 485.67, 83, 2782, 31448
2026/09/25 21:32:39.028, 0, 541.28, 100, 2812, 31958
2026/09/25 21:32:39.028, 1, 482.12, 83, 2782, 31448
2026/09/25 21:32:39.528, 0, 540.06, 100, 2812, 31958
2026/09/25 21:32:39.528, 1, 490.36, 94, 2782, 31448
2026/09/25 21:32:40.028, 0, 462.04, 100, 2857, 31958
2026/09/25 21:32:40.029, 1, 439.78, 0, 2827, 31448
2026/09/25 21:32:40.529, 0, 467.74, 95, 2812, 31958
2026/09/25 21:32:40.529, 1, 408.65, 98, 2782, 31448
2026/09/25 21:32:41.029, 0, 467.74, 95, 2812, 31958
2026/09/25 21:32:41.029, 1, 408.65, 82, 2782, 31448
2026/09/25 21:32:41.529, 0, 538.70, 100, 2812, 31958
2026/09/25 21:32:41.529, 1, 477.28, 82, 2790, 31448
2026/09/25 21:32:42.029, 0, 539.50, 100, 2812, 31958
2026/09/25 21:32:42.030, 1, 481.89, 92, 2782, 31448
2026/09/25 21:32:42.530, 0, 539.48, 100, 2812, 31958
2026/09/25 21:32:42.530, 1, 486.41, 100, 2775, 31448
2026/09/25 21:32:43.030, 0, 466.21, 63, 2865, 31958
2026/09/25 21:32:43.030, 1, 443.51, 0, 2820, 31448
2026/09/25 21:32:43.530, 0, 466.65, 96, 2812, 31958
2026/09/25 21:32:43.530, 1, 417.79, 82, 2782, 31448
2026/09/25 21:32:44.030, 0, 539.30, 100, 2812, 31958
2026/09/25 21:32:44.030, 1, 409.70, 82, 2782, 31448
2026/09/25 21:32:44.530, 0, 441.77, 100, 2850, 31958
2026/09/25 21:32:44.531, 1, 427.01, 0, 2842, 31448
2026/09/25 21:32:45.031, 0, 441.77, 100, 2850, 31958
2026/09/25 21:32:45.031, 1, 427.01, 0, 2842, 31448
2026/09/25 21:32:45.531, 0, 213.22, 41, 2872, 31958
2026/09/25 21:32:45.531, 1, 275.54, 48, 2850, 31448
2026/09/25 21:32:46.031, 0, 213.22, 41, 2872, 31958
2026/09/25 21:32:46.031, 1, 275.54, 47, 2850, 31448
2026/09/25 21:32:46.531, 0, 237.96, 40, 2872, 31958
2026/09/25 21:32:46.531, 1, 241.60, 47, 2850, 31448
2026/09/25 21:32:47.031, 0, 237.96, 40, 2872, 31958
2026/09/25 21:32:47.032, 1, 241.60, 46, 2850, 31448
2026/09/25 21:32:47.532, 0, 237.37, 42, 2872, 31958
2026/09/25 21:32:47.532, 1, 242.42, 49, 2850, 31448
2026/09/25 21:32:48.032, 0, 237.37, 42, 2872, 31958
2026/09/25 21:32:48.032, 1, 242.42, 47, 2850, 31448
2026/09/25 21:32:48.532, 0, 237.35, 40, 2880, 31958
2026/09/25 21:32:48.532, 1, 240.32, 47, 2842, 31448
2026/09/25 21:32:49.032, 0, 237.35, 41, 2880, 31958
2026/09/25 21:32:49.032, 1, 240.32, 45, 2842, 31448
2026/09/25 21:32:49.533, 0, 226.14, 39, 2887, 31958
2026/09/25 21:32:49.533, 1, 223.53, 40, 2857, 31450
2026/09/25 21:32:50.033, 0, 250.22, 76, 2865, 31958
2026/09/25 21:32:50.033, 1, 179.81, 0, 2865, 31450
2026/09/25 21:32:50.533, 0, 419.78, 96, 2805, 31958
2026/09/25 21:32:50.533, 1, 281.01, 100, 2775, 31450
2026/09/25 21:32:51.033, 0, 547.48, 96, 2782, 31958
2026/09/25 21:32:51.033, 1, 466.75, 100, 2775, 31450
2026/09/25 21:32:51.533, 0, 550.07, 100, 2805, 31958
2026/09/25 21:32:51.534, 1, 497.46, 95, 2775, 31450
2026/09/25 21:32:52.034, 0, 549.75, 96, 2812, 31958
2026/09/25 21:32:52.034, 1, 499.97, 86, 2775, 31450
2026/09/25 21:32:52.534, 0, 549.92, 100, 2805, 31958
2026/09/25 21:32:52.534, 1, 497.01, 86, 2775, 31450
2026/09/25 21:32:53.034, 0, 447.32, 100, 2850, 31958
2026/09/25 21:32:53.034, 1, 414.02, 0, 2865, 31450
2026/09/25 21:32:53.534, 0, 378.68, 100, 2850, 31958
2026/09/25 21:32:53.534, 1, 362.24, 0, 2827, 31450
2026/09/25 21:32:54.035, 0, 378.68, 80, 2850, 31958
2026/09/25 21:32:54.035, 1, 362.24, 0, 2827, 31450
2026/09/25 21:32:54.535, 0, 378.19, 100, 2872, 31958
2026/09/25 21:32:54.535, 1, 337.42, 1, 2820, 31450
2026/09/25 21:32:55.035, 0, 408.46, 100, 2865, 31958
2026/09/25 21:32:55.035, 1, 344.62, 14, 2805, 31450
2026/09/25 21:32:55.535, 0, 402.38, 100, 2880, 31958
2026/09/25 21:32:55.535, 1, 359.10, 0, 2820, 31450
2026/09/25 21:32:56.035, 0, 383.20, 100, 2820, 31958
2026/09/25 21:32:56.036, 1, 297.64, 49, 2842, 31450
2026/09/25 21:32:56.536, 0, 399.74, 100, 2820, 31958
2026/09/25 21:32:56.536, 1, 298.83, 51, 2835, 31450
2026/09/25 21:32:57.036, 0, 418.38, 100, 2812, 31958
2026/09/25 21:32:57.036, 1, 364.31, 64, 2835, 31450
2026/09/25 21:32:57.536, 0, 388.91, 100, 2850, 31958
2026/09/25 21:32:57.536, 1, 356.93, 0, 2857, 31450
2026/09/25 21:32:58.036, 0, 389.40, 100, 2850, 31958
2026/09/25 21:32:58.037, 1, 350.99, 0, 2820, 31450
2026/09/25 21:32:58.537, 0, 389.40, 100, 2850, 31958
2026/09/25 21:32:58.537, 1, 350.99, 0, 2820, 31450
2026/09/25 21:32:59.037, 0, 400.80, 100, 2857, 31958
2026/09/25 21:32:59.037, 1, 344.36, 0, 2827, 31450
2026/09/25 21:32:59.537, 0, 413.82, 100, 2857, 31958
2026/09/25 21:32:59.537, 1, 344.73, 0, 2820, 31450
2026/09/25 21:33:00.037, 0, 417.28, 100, 2857, 31958
2026/09/25 21:33:00.038, 1, 343.66, 0, 2820, 31450
2026/09/25 21:33:00.538, 0, 400.47, 100, 2857, 31958
2026/09/25 21:33:00.538, 1, 369.72, 0, 2820, 31450
2026/09/25 21:33:01.038, 0, 400.13, 100, 2865, 31958
2026/09/25 21:33:01.038, 1, 370.50, 1, 2812, 31450
2026/09/25 21:33:01.538, 0, 405.17, 100, 2865, 31958
2026/09/25 21:33:01.538, 1, 345.54, 2, 2812, 31450
2026/09/25 21:33:02.038, 0, 414.59, 100, 2865, 31958
2026/09/25 21:33:02.038, 1, 370.22, 7, 2812, 31450
2026/09/25 21:33:02.539, 0, 414.59, 100, 2865, 31958
2026/09/25 21:33:02.539, 1, 370.22, 17, 2812, 31450
2026/09/25 21:33:03.039, 0, 404.49, 100, 2865, 31958
2026/09/25 21:33:03.039, 1, 349.47, 19, 2805, 31450
2026/09/25 21:33:03.539, 0, 400.29, 100, 2872, 31958
2026/09/25 21:33:03.539, 1, 355.90, 26, 2805, 31450
2026/09/25 21:33:04.039, 0, 391.39, 100, 2872, 31958
2026/09/25 21:33:04.039, 1, 371.18, 38, 2805, 31450
2026/09/25 21:33:04.540, 0, 410.02, 100, 2865, 31958
2026/09/25 21:33:04.540, 1, 369.60, 57, 2797, 31450
2026/09/25 21:33:05.040, 0, 413.84, 99, 2872, 31958
2026/09/25 21:33:05.040, 1, 371.08, 65, 2797, 31450
2026/09/25 21:33:05.540, 0, 398.21, 91, 2865, 31958
2026/09/25 21:33:05.540, 1, 372.27, 80, 2790, 31450
2026/09/25 21:33:06.040, 0, 394.07, 71, 2872, 31958
2026/09/25 21:33:06.041, 1, 373.30, 85, 2790, 31450
2026/09/25 21:33:06.541, 0, 394.07, 49, 2872, 31958
2026/09/25 21:33:06.541, 1, 373.30, 99, 2790, 31450
2026/09/25 21:33:07.041, 0, 384.64, 18, 2850, 31958
2026/09/25 21:33:07.041, 1, 352.26, 100, 2782, 31450
2026/09/25 21:33:07.541, 0, 383.16, 9, 2842, 31958
2026/09/25 21:33:07.541, 1, 345.75, 100, 2782, 31450
2026/09/25 21:33:08.041, 0, 380.57, 1, 2842, 31958
2026/09/25 21:33:08.041, 1, 372.85, 99, 2782, 31450
2026/09/25 21:33:08.542, 0, 381.05, 100, 2872, 31958
2026/09/25 21:33:08.542, 1, 349.81, 41, 2812, 31450
2026/09/25 21:33:09.042, 0, 371.72, 90, 2872, 31958
2026/09/25 21:33:09.042, 1, 335.98, 66, 2797, 31450
2026/09/25 21:33:09.542, 0, 379.76, 52, 2872, 31960
2026/09/25 21:33:09.542, 1, 370.40, 91, 2790, 31450
2026/09/25 21:33:10.042, 0, 399.75, 100, 2850, 31960
2026/09/25 21:33:10.043, 1, 306.75, 0, 2827, 31454
2026/09/25 21:33:10.543, 0, 399.75, 32, 2850, 31962
2026/09/25 21:33:10.543, 1, 306.75, 21, 2827, 31454
2026/09/25 21:33:11.043, 0, 288.76, 38, 2887, 31962
2026/09/25 21:33:11.043, 1, 304.62, 28, 2820, 31456
2026/09/25 21:33:11.543, 0, 288.76, 42, 2887, 31962
2026/09/25 21:33:11.543, 1, 304.62, 45, 2820, 31456
2026/09/25 21:33:12.043, 0, 288.76, 44, 2887, 31962
2026/09/25 21:33:12.043, 1, 304.62, 48, 2820, 31456
2026/09/25 21:33:12.544, 0, 281.48, 42, 2857, 31962
2026/09/25 21:33:12.544, 1, 266.70, 43, 2827, 31456
2026/09/25 21:33:13.044, 0, 281.48, 43, 2857, 31962
2026/09/25 21:33:13.044, 1, 266.70, 47, 2827, 31456
2026/09/25 21:33:13.544, 0, 285.08, 43, 2857, 31962
2026/09/25 21:33:13.544, 1, 265.07, 47, 2827, 31456
2026/09/25 21:33:14.044, 0, 285.08, 44, 2857, 31962
2026/09/25 21:33:14.044, 1, 265.07, 46, 2827, 31456
2026/09/25 21:33:14.544, 0, 281.25, 42, 2857, 31962
2026/09/25 21:33:14.544, 1, 263.73, 46, 2835, 31456
2026/09/25 21:33:15.045, 0, 281.25, 43, 2857, 31962
2026/09/25 21:33:15.045, 1, 263.73, 44, 2835, 31456
2026/09/25 21:33:15.545, 0, 282.88, 43, 2857, 31962
2026/09/25 21:33:15.545, 1, 263.08, 46, 2835, 31456
2026/09/25 21:33:16.045, 0, 282.88, 41, 2857, 31962
2026/09/25 21:33:16.045, 1, 263.08, 48, 2835, 31456
2026/09/25 21:33:16.545, 0, 283.03, 42, 2857, 31962
2026/09/25 21:33:16.545, 1, 263.18, 46, 2835, 31456
2026/09/25 21:33:17.045, 0, 283.03, 41, 2857, 31962
2026/09/25 21:33:17.046, 1, 263.18, 48, 2835, 31456
2026/09/25 21:33:17.546, 0, 252.01, 18, 2872, 31962
2026/09/25 21:33:17.546, 1, 252.90, 45, 2850, 31456
2026/09/25 21:33:18.046, 0, 252.01, 13, 2872, 31962
2026/09/25 21:33:18.046, 1, 252.90, 54, 2850, 31456
2026/09/25 21:33:18.546, 0, 202.48, 100, 2887, 31962
2026/09/25 21:33:18.546, 1, 145.82, 0, 2872, 31456
2026/09/25 21:33:19.046, 0, 379.47, 100, 2797, 31962
2026/09/25 21:33:19.047, 1, 238.94, 82, 2782, 31456
2026/09/25 21:33:19.547, 0, 549.48, 100, 2812, 31962
2026/09/25 21:33:19.547, 1, 442.63, 87, 2782, 31456
2026/09/25 21:33:20.047, 0, 548.35, 100, 2812, 31962
2026/09/25 21:33:20.047, 1, 489.63, 85, 2782, 31456
2026/09/25 21:33:20.547, 0, 548.71, 100, 2805, 31962
2026/09/25 21:33:20.547, 1, 490.79, 85, 2782, 31456
2026/09/25 21:33:21.047, 0, 549.21, 96, 2805, 31962
2026/09/25 21:33:21.048, 1, 493.67, 86, 2782, 31456
2026/09/25 21:33:21.548, 0, 476.08, 100, 2842, 31962
2026/09/25 21:33:21.548, 1, 433.47, 0, 2842, 31456
2026/09/25 21:33:22.048, 0, 474.67, 95, 2797, 31962
2026/09/25 21:33:22.048, 1, 431.39, 100, 2775, 31456
2026/09/25 21:33:22.548, 0, 545.89, 96, 2797, 31962
2026/09/25 21:33:22.548, 1, 451.95, 100, 2775, 31456
2026/09/25 21:33:23.048, 0, 545.89, 100, 2797, 31962
2026/09/25 21:33:23.048, 1, 451.95, 98, 2775, 31456
2026/09/25 21:33:23.549, 0, 545.91, 100, 2805, 31962
2026/09/25 21:33:23.549, 1, 488.83, 85, 2775, 31456
2026/09/25 21:33:24.049, 0, 544.66, 100, 2805, 31962
2026/09/25 21:33:24.049, 1, 488.32, 84, 2782, 31456
2026/09/25 21:33:24.549, 0, 370.93, 0, 2902, 31962
2026/09/25 21:33:24.549, 1, 422.71, 0, 2850, 31456
2026/09/25 21:33:25.049, 0, 358.93, 100, 2812, 31962
2026/09/25 21:33:25.049, 1, 319.48, 80, 2790, 31456
2026/09/25 21:33:25.550, 0, 530.43, 96, 2782, 31962
2026/09/25 21:33:25.550, 1, 372.47, 83, 2782, 31456
2026/09/25 21:33:26.050, 0, 544.48, 96, 2797, 31962
2026/09/25 21:33:26.050, 1, 492.64, 97, 2782, 31456
2026/09/25 21:33:26.550, 0, 543.43, 96, 2805, 31962
2026/09/25 21:33:26.550, 1, 489.66, 100, 2782, 31456
2026/09/25 21:33:27.050, 0, 543.43, 100, 2805, 31962
2026/09/25 21:33:27.051, 1, 489.66, 95, 2782, 31456
2026/09/25 21:33:27.551, 0, 492.66, 0, 2797, 31962
2026/09/25 21:33:27.551, 1, 488.15, 84, 2782, 31456
2026/09/25 21:33:28.051, 0, 409.27, 100, 2827, 31962
2026/09/25 21:33:28.051, 1, 366.26, 42, 2850, 31456
2026/09/25 21:33:28.551, 0, 418.11, 96, 2805, 31962
2026/09/25 21:33:28.551, 1, 363.88, 84, 2790, 31456
2026/09/25 21:33:29.051, 0, 542.86, 96, 2812, 31962
2026/09/25 21:33:29.052, 1, 489.78, 100, 2782, 31456
2026/09/25 21:33:29.552, 0, 544.90, 97, 2797, 31962
2026/09/25 21:33:29.552, 1, 488.45, 100, 2782, 31456
2026/09/25 21:33:30.052, 0, 543.99, 100, 2805, 31962
2026/09/25 21:33:30.052, 1, 488.85, 85, 2782, 31456
2026/09/25 21:33:30.552, 0, 542.82, 100, 2812, 31962
2026/09/25 21:33:30.552, 1, 487.93, 84, 2782, 31456
2026/09/25 21:33:31.052, 0, 542.82, 0, 2812, 31962
2026/09/25 21:33:31.052, 1, 487.93, 0, 2782, 31456
2026/09/25 21:33:31.553, 0, 295.95, 13, 2812, 31962
2026/09/25 21:33:31.553, 1, 298.49, 79, 2805, 31456
2026/09/25 21:33:32.053, 0, 402.51, 5, 2812, 31962
2026/09/25 21:33:32.053, 1, 296.58, 68, 2797, 31456
2026/09/25 21:33:32.553, 0, 370.48, 0, 2820, 31962
2026/09/25 21:33:32.553, 1, 371.69, 68, 2790, 31456
2026/09/25 21:33:33.053, 0, 353.16, 100, 2820, 31962
2026/09/25 21:33:33.053, 1, 301.05, 45, 2850, 31456
2026/09/25 21:33:33.553, 0, 378.40, 100, 2827, 31962
2026/09/25 21:33:33.554, 1, 305.75, 27, 2835, 31456
2026/09/25 21:33:34.054, 0, 400.96, 100, 2827, 31962
2026/09/25 21:33:34.054, 1, 353.41, 31, 2835, 31456
2026/09/25 21:33:34.554, 0, 418.17, 100, 2820, 31962
2026/09/25 21:33:34.554, 1, 373.53, 44, 2835, 31456
2026/09/25 21:33:35.054, 0, 417.03, 100, 2820, 31962
2026/09/25 21:33:35.054, 1, 345.62, 40, 2842, 31456
2026/09/25 21:33:35.554, 0, 417.03, 100, 2820, 31962
2026/09/25 21:33:35.555, 1, 345.62, 21, 2842, 31456
2026/09/25 21:33:36.055, 0, 401.11, 100, 2827, 31962
2026/09/25 21:33:36.055, 1, 364.77, 24, 2835, 31456
2026/09/25 21:33:36.555, 0, 419.58, 100, 2827, 31962
2026/09/25 21:33:36.555, 1, 348.65, 26, 2835, 31456
2026/09/25 21:33:37.055, 0, 402.77, 100, 2827, 31962
2026/09/25 21:33:37.055, 1, 344.80, 15, 2842, 31456
2026/09/25 21:33:37.555, 0, 411.87, 100, 2835, 31962
2026/09/25 21:33:37.556, 1, 365.00, 0, 2835, 31456
2026/09/25 21:33:38.056, 0, 413.43, 100, 2835, 31962
2026/09/25 21:33:38.056, 1, 346.65, 0, 2835, 31456
2026/09/25 21:33:38.556, 0, 404.45, 100, 2842, 31962
2026/09/25 21:33:38.556, 1, 343.20, 0, 2835, 31456
2026/09/25 21:33:39.056, 0, 403.11, 100, 2842, 31962
2026/09/25 21:33:39.056, 1, 367.58, 0, 2842, 31456
2026/09/25 21:33:39.556, 0, 403.11, 100, 2842, 31962
2026/09/25 21:33:39.557, 1, 367.58, 0, 2842, 31456
2026/09/25 21:33:40.057, 0, 411.89, 100, 2850, 31962
2026/09/25 21:33:40.057, 1, 372.13, 0, 2827, 31456
2026/09/25 21:33:40.557, 0, 417.32, 100, 2850, 31962
2026/09/25 21:33:40.557, 1, 343.66, 0, 2827, 31456
2026/09/25 21:33:41.057, 0, 415.86, 100, 2850, 31962
2026/09/25 21:33:41.057, 1, 344.05, 0, 2827, 31456
2026/09/25 21:33:41.557, 0, 397.68, 100, 2865, 31962
2026/09/25 21:33:41.558, 1, 372.73, 5, 2812, 31456
2026/09/25 21:33:42.058, 0, 399.79, 100, 2865, 31962
2026/09/25 21:33:42.058, 1, 347.81, 8, 2812, 31456
2026/09/25 21:33:42.558, 0, 404.23, 100, 2865, 31962
2026/09/25 21:33:42.558, 1, 368.93, 11, 2812, 31456
2026/09/25 21:33:43.059, 0, 417.28, 100, 2865, 31962
2026/09/25 21:33:43.059, 1, 349.36, 12, 2805, 31456
2026/09/25 21:33:43.559, 0, 417.28, 100, 2865, 31962
2026/09/25 21:33:43.559, 1, 349.36, 44, 2805, 31456
2026/09/25 21:33:44.059, 0, 412.30, 100, 2865, 31962
2026/09/25 21:33:44.059, 1, 354.42, 47, 2805, 31456
2026/09/25 21:33:44.559, 0, 418.10, 100, 2865, 31962
2026/09/25 21:33:44.559, 1, 368.26, 51, 2797, 31456
2026/09/25 21:33:45.059, 0, 416.09, 100, 2865, 31962
2026/09/25 21:33:45.060, 1, 368.64, 54, 2797, 31456
2026/09/25 21:33:45.560, 0, 391.39, 73, 2872, 31962
2026/09/25 21:33:45.560, 1, 371.05, 89, 2790, 31456
2026/09/25 21:33:46.060, 0, 387.55, 57, 2857, 31962
2026/09/25 21:33:46.060, 1, 367.65, 100, 2782, 31456
2026/09/25 21:33:46.560, 0, 393.63, 41, 2850, 31962
2026/09/25 21:33:46.560, 1, 356.99, 100, 2782, 31456
2026/09/25 21:33:47.060, 0, 397.74, 36, 2850, 31962
2026/09/25 21:33:47.061, 1, 372.22, 100, 2782, 31456
2026/09/25 21:33:47.561, 0, 385.21, 0, 2842, 31962
2026/09/25 21:33:47.561, 1, 351.42, 100, 2782, 31456
2026/09/25 21:33:48.061, 0, 385.21, 0, 2842, 31962
2026/09/25 21:33:48.061, 1, 351.42, 87, 2782, 31456
2026/09/25 21:33:48.561, 0, 380.56, 0, 2835, 31962
2026/09/25 21:33:48.561, 1, 373.91, 82, 2782, 31456
2026/09/25 21:33:49.061, 0, 408.06, 0, 2827, 31962
2026/09/25 21:33:49.062, 1, 370.25, 82, 2782, 31456
2026/09/25 21:33:49.562, 0, 386.60, 100, 2865, 31962
2026/09/25 21:33:49.562, 1, 344.01, 56, 2805, 31456
2026/09/25 21:33:50.062, 0, 383.31, 100, 2865, 31962
2026/09/25 21:33:50.062, 1, 346.33, 59, 2797, 31456
2026/09/25 21:33:50.562, 0, 414.73, 100, 2865, 31962
2026/09/25 21:33:50.562, 1, 369.76, 68, 2797, 31456
2026/09/25 21:33:51.062, 0, 406.92, 75, 2872, 31962
2026/09/25 21:33:51.063, 1, 370.40, 78, 2790, 31456
2026/09/25 21:33:51.563, 0, 397.46, 100, 2850, 31962
2026/09/25 21:33:51.563, 1, 303.16, 0, 2835, 31456
2026/09/25 21:33:52.063, 0, 397.46, 100, 2850, 31962
2026/09/25 21:33:52.063, 1, 303.16, 0, 2835, 31456
2026/09/25 21:33:52.563, 0, 401.84, 100, 2857, 31962
2026/09/25 21:33:52.563, 1, 370.07, 0, 2820, 31456
2026/09/25 21:33:53.063, 0, 393.21, 100, 2880, 31962
2026/09/25 21:33:53.064, 1, 352.04, 29, 2812, 31456
2026/09/25 21:33:53.564, 0, 377.12, 100, 2865, 31962
2026/09/25 21:33:53.564, 1, 376.96, 72, 2797, 31456
2026/09/25 21:33:54.064, 0, 399.86, 87, 2865, 31962
2026/09/25 21:33:54.064, 1, 370.09, 82, 2790, 31456
2026/09/25 21:33:54.564, 0, 408.49, 71, 2865, 31962
2026/09/25 21:33:54.564, 1, 376.64, 94, 2790, 31456
2026/09/25 21:33:55.064, 0, 404.26, 56, 2857, 31962
2026/09/25 21:33:55.065, 1, 373.68, 100, 2782, 31456
2026/09/25 21:33:55.565, 0, 400.86, 44, 2857, 31962
2026/09/25 21:33:55.565, 1, 374.36, 100, 2782, 31456
2026/09/25 21:33:56.065, 0, 400.86, 26, 2857, 31962
2026/09/25 21:33:56.065, 1, 374.36, 100, 2782, 31456
2026/09/25 21:33:56.565, 0, 384.96, 9, 2842, 31962
2026/09/25 21:33:56.565, 1, 358.23, 100, 2782, 31456
2026/09/25 21:33:57.065, 0, 385.09, 0, 2835, 31962
2026/09/25 21:33:57.066, 1, 374.14, 94, 2782, 31456
2026/09/25 21:33:57.566, 0, 410.11, 0, 2827, 31962
2026/09/25 21:33:57.566, 1, 375.57, 82, 2782, 31456
2026/09/25 21:33:58.066, 0, 411.77, 0, 2820, 31962
2026/09/25 21:33:58.066, 1, 367.13, 80, 2790, 31456
2026/09/25 21:33:58.566, 0, 384.16, 0, 2812, 31962
2026/09/25 21:33:58.566, 1, 357.37, 80, 2790, 31456
2026/09/25 21:33:59.066, 0, 411.60, 0, 2812, 31962
2026/09/25 21:33:59.067, 1, 367.24, 81, 2797, 31456
2026/09/25 21:33:59.567, 0, 385.99, 19, 2812, 31962
2026/09/25 21:33:59.567, 1, 365.25, 81, 2805, 31456
2026/09/25 21:34:00.067, 0, 385.99, 45, 2812, 31962
2026/09/25 21:34:00.067, 1, 365.25, 100, 2805, 31456
2026/09/25 21:34:00.567, 0, 410.78, 71, 2805, 31962
2026/09/25 21:34:00.567, 1, 357.07, 100, 2820, 31456
2026/09/25 21:34:01.067, 0, 404.51, 97, 2805, 31962
2026/09/25 21:34:01.067, 1, 367.46, 100, 2827, 31456
2026/09/25 21:34:01.568, 0, 406.59, 100, 2805, 31962
2026/09/25 21:34:01.568, 1, 371.22, 86, 2835, 31456
2026/09/25 21:34:02.068, 0, 399.48, 100, 2812, 31962
2026/09/25 21:34:02.068, 1, 358.80, 71, 2835, 31456
2026/09/25 21:34:02.568, 0, 389.11, 100, 2827, 31962
2026/09/25 21:34:02.568, 1, 355.82, 30, 2850, 31456
2026/09/25 21:34:03.068, 0, 404.01, 100, 2835, 31962
2026/09/25 21:34:03.068, 1, 349.53, 14, 2835, 31456
2026/09/25 21:34:03.568, 0, 398.87, 100, 2835, 31962
2026/09/25 21:34:03.569, 1, 363.84, 0, 2842, 31456
2026/09/25 21:34:04.069, 0, 395.31, 100, 2842, 31962
2026/09/25 21:34:04.069, 1, 348.77, 0, 2835, 31456
2026/09/25 21:34:04.569, 0, 395.31, 100, 2842, 31962
2026/09/25 21:34:04.569, 1, 348.77, 0, 2835, 31456
2026/09/25 21:34:05.069, 0, 412.76, 100, 2857, 31962
2026/09/25 21:34:05.069, 1, 373.00, 0, 2820, 31456
2026/09/25 21:34:05.569, 0, 390.37, 100, 2872, 31962
2026/09/25 21:34:05.570, 1, 374.62, 11, 2812, 31456
2026/09/25 21:34:06.070, 0, 391.17, 100, 2865, 31962
2026/09/25 21:34:06.070, 1, 374.41, 45, 2797, 31456
2026/09/25 21:34:06.570, 0, 412.54, 100, 2865, 31962
2026/09/25 21:34:06.570, 1, 373.18, 62, 2797, 31456
2026/09/25 21:34:07.070, 0, 404.53, 74, 2872, 31962
2026/09/25 21:34:07.070, 1, 373.93, 85, 2790, 31456
2026/09/25 21:34:07.570, 0, 390.02, 52, 2857, 31962
2026/09/25 21:34:07.570, 1, 367.02, 100, 2782, 31456
2026/09/25 21:34:08.071, 0, 398.14, 33, 2835, 31962
2026/09/25 21:34:08.071, 1, 366.61, 100, 2782, 31456
2026/09/25 21:34:08.571, 0, 398.14, 8, 2835, 31962
2026/09/25 21:34:08.571, 1, 366.61, 100, 2782, 31456
2026/09/25 21:34:09.071, 0, 386.44, 0, 2835, 31962
2026/09/25 21:34:09.071, 1, 369.61, 82, 2782, 31456
2026/09/25 21:34:09.571, 0, 414.05, 0, 2827, 31962
2026/09/25 21:34:09.571, 1, 353.28, 80, 2782, 31456
2026/09/25 21:34:10.071, 0, 385.97, 0, 2820, 31962
2026/09/25 21:34:10.072, 1, 357.40, 80, 2790, 31456
2026/09/25 21:34:10.572, 0, 388.05, 24, 2805, 31962
2026/09/25 21:34:10.572, 1, 351.95, 80, 2805, 31456
2026/09/25 21:34:11.072, 0, 416.77, 44, 2805, 31962
2026/09/25 21:34:11.072, 1, 358.08, 97, 2812, 31456
2026/09/25 21:34:11.572, 0, 414.26, 64, 2805, 31962
2026/09/25 21:34:11.572, 1, 372.33, 100, 2812, 31456
2026/09/25 21:34:12.072, 0, 415.74, 96, 2805, 31962
2026/09/25 21:34:12.072, 1, 368.05, 100, 2827, 31456
2026/09/25 21:34:12.573, 0, 415.74, 100, 2805, 31962
2026/09/25 21:34:12.573, 1, 368.05, 71, 2827, 31456
2026/09/25 21:34:13.073, 0, 399.54, 100, 2820, 31962
2026/09/25 21:34:13.073, 1, 344.70, 37, 2842, 31456
2026/09/25 21:34:13.573, 0, 386.92, 100, 2835, 31962
2026/09/25 21:34:13.573, 1, 349.01, 4, 2842, 31456
2026/09/25 21:34:14.073, 0, 406.72, 100, 2842, 31962
2026/09/25 21:34:14.073, 1, 349.85, 0, 2835, 31456
2026/09/25 21:34:14.573, 0, 409.65, 100, 2850, 31962
2026/09/25 21:34:14.574, 1, 373.54, 0, 2827, 31456
2026/09/25 21:34:15.074, 0, 385.99, 100, 2865, 31962
2026/09/25 21:34:15.074, 1, 349.99, 5, 2820, 31456
2026/09/25 21:34:15.574, 0, 400.79, 100, 2865, 31962
2026/09/25 21:34:15.574, 1, 349.99, 34, 2805, 31456
2026/09/25 21:34:16.074, 0, 409.11, 100, 2857, 31962
2026/09/25 21:34:16.074, 1, 373.87, 58, 2797, 31456
2026/09/25 21:34:16.574, 0, 404.67, 81, 2857, 31962
2026/09/25 21:34:16.575, 1, 375.61, 87, 2790, 31456
2026/09/25 21:34:17.075, 0, 404.67, 53, 2857, 31962
2026/09/25 21:34:17.075, 1, 375.61, 100, 2790, 31456
2026/09/25 21:34:17.575, 0, 395.48, 28, 2835, 31962
2026/09/25 21:34:17.575, 1, 365.52, 100, 2782, 31456
2026/09/25 21:34:18.075, 0, 388.27, 5, 2842, 31962
2026/09/25 21:34:18.075, 1, 369.12, 100, 2782, 31456
2026/09/25 21:34:18.575, 0, 389.22, 0, 2820, 31962
2026/09/25 21:34:18.576, 1, 348.83, 80, 2782, 31456
2026/09/25 21:34:19.076, 0, 418.94, 0, 2820, 31962
2026/09/25 21:34:19.076, 1, 348.50, 80, 2790, 31456
2026/09/25 21:34:19.576, 0, 416.85, 6, 2812, 31962
2026/09/25 21:34:19.576, 1, 352.96, 79, 2797, 31456
2026/09/25 21:34:20.076, 0, 417.36, 44, 2805, 31962
2026/09/25 21:34:20.076, 1, 365.70, 98, 2812, 31456
2026/09/25 21:34:20.576, 0, 395.00, 69, 2805, 31962
2026/09/25 21:34:20.577, 1, 365.46, 100, 2812, 31456
2026/09/25 21:34:21.077, 0, 395.00, 95, 2805, 31962
2026/09/25 21:34:21.077, 1, 365.46, 100, 2812, 31456
2026/09/25 21:34:21.577, 0, 401.44, 100, 2805, 31962
2026/09/25 21:34:21.577, 1, 348.22, 70, 2842, 31456
2026/09/25 21:34:22.077, 0, 404.68, 100, 2820, 31962
2026/09/25 21:34:22.077, 1, 363.35, 45, 2842, 31456
2026/09/25 21:34:22.577, 0, 407.99, 100, 2827, 31962
2026/09/25 21:34:22.577, 1, 351.53, 19, 2842, 31456
2026/09/25 21:34:23.078, 0, 389.78, 100, 2842, 31962
2026/09/25 21:34:23.078, 1, 360.90, 0, 2842, 31456
2026/09/25 21:34:23.578, 0, 390.07, 100, 2850, 31962
2026/09/25 21:34:23.578, 1, 371.66, 0, 2827, 31456
2026/09/25 21:34:24.078, 0, 394.61, 100, 2857, 31962
2026/09/25 21:34:24.078, 1, 348.70, 0, 2820, 31456
2026/09/25 21:34:24.578, 0, 390.49, 100, 2872, 31962
2026/09/25 21:34:24.579, 1, 350.68, 23, 2805, 31456
2026/09/25 21:34:25.081, 0, 390.49, 99, 2872, 31962
2026/09/25 21:34:25.081, 1, 350.68, 58, 2805, 31456
2026/09/25 21:34:25.582, 0, 381.24, 59, 2865, 31962
2026/09/25 21:34:25.582, 1, 372.29, 99, 2790, 31456
2026/09/25 21:34:26.082, 0, 392.82, 16, 2842, 31962
2026/09/25 21:34:26.082, 1, 355.05, 100, 2782, 31456
2026/09/25 21:34:26.582, 0, 390.65, 0, 2835, 31962
2026/09/25 21:34:26.582, 1, 354.52, 84, 2782, 31456
2026/09/25 21:34:27.082, 0, 416.45, 0, 2820, 31962
2026/09/25 21:34:27.083, 1, 359.71, 79, 2790, 31456
2026/09/25 21:34:27.583, 0, 418.92, 0, 2812, 31962
2026/09/25 21:34:27.583, 1, 350.28, 79, 2797, 31456
2026/09/25 21:34:28.083, 0, 391.62, 54, 2812, 31962
2026/09/25 21:34:28.083, 1, 351.78, 100, 2812, 31456
2026/09/25 21:34:28.583, 0, 420.28, 84, 2805, 31962
2026/09/25 21:34:28.583, 1, 350.66, 100, 2820, 31456
2026/09/25 21:34:29.083, 0, 420.28, 100, 2805, 31962
2026/09/25 21:34:29.083, 1, 350.66, 91, 2820, 31456
2026/09/25 21:34:29.583, 0, 393.33, 100, 2812, 31962
2026/09/25 21:34:29.584, 1, 345.93, 48, 2842, 31456
2026/09/25 21:34:30.084, 0, 388.11, 100, 2827, 31962
2026/09/25 21:34:30.084, 1, 354.32, 18, 2842, 31456
2026/09/25 21:34:30.584, 0, 406.02, 100, 2842, 31962
2026/09/25 21:34:30.584, 1, 358.72, 0, 2842, 31456
2026/09/25 21:34:31.084, 0, 403.07, 100, 2850, 31962
2026/09/25 21:34:31.084, 1, 351.57, 0, 2827, 31456
2026/09/25 21:34:31.584, 0, 389.04, 100, 2865, 31962
2026/09/25 21:34:31.584, 1, 351.69, 7, 2812, 31456
2026/09/25 21:34:32.084, 0, 393.18, 100, 2865, 31962
2026/09/25 21:34:32.085, 1, 349.81, 36, 2805, 31456
2026/09/25 21:34:32.585, 0, 402.41, 92, 2865, 31962
2026/09/25 21:34:32.585, 1, 356.31, 73, 2797, 31456
2026/09/25 21:34:33.085, 0, 402.69, 61, 2857, 31962
2026/09/25 21:34:33.085, 1, 361.92, 100, 2782, 31456
2026/09/25 21:34:33.585, 0, 402.69, 30, 2857, 31962
2026/09/25 21:34:33.585, 1, 361.92, 100, 2782, 31456
2026/09/25 21:34:34.085, 0, 391.80, 0, 2835, 31962
2026/09/25 21:34:34.086, 1, 349.13, 100, 2782, 31456
2026/09/25 21:34:34.586, 0, 391.63, 0, 2827, 31962
2026/09/25 21:34:34.586, 1, 345.16, 79, 2782, 31456
2026/09/25 21:34:35.086, 0, 420.95, 0, 2812, 31962
2026/09/25 21:34:35.086, 1, 358.42, 79, 2797, 31456
2026/09/25 21:34:35.586, 0, 391.41, 31, 2797, 31962
2026/09/25 21:34:35.586, 1, 356.94, 85, 2805, 31456
2026/09/25 21:34:36.086, 0, 421.97, 75, 2812, 31962
2026/09/25 21:34:36.087, 1, 357.23, 100, 2820, 31456
2026/09/25 21:34:36.587, 0, 402.47, 100, 2805, 31962
2026/09/25 21:34:36.587, 1, 362.70, 98, 2827, 31456
2026/09/25 21:34:37.087, 0, 406.60, 100, 2812, 31962
2026/09/25 21:34:37.087, 1, 348.95, 67, 2842, 31456
2026/09/25 21:34:37.587, 0, 406.60, 100, 2812, 31962
2026/09/25 21:34:37.587, 1, 348.95, 21, 2842, 31456
2026/09/25 21:34:38.087, 0, 381.40, 100, 2842, 31962
2026/09/25 21:34:38.087, 1, 354.62, 0, 2842, 31456
2026/09/25 21:34:38.588, 0, 378.65, 100, 2857, 31962
2026/09/25 21:34:38.588, 1, 371.83, 0, 2827, 31456
2026/09/25 21:34:39.088, 0, 396.85, 100, 2872, 31962
2026/09/25 21:34:39.088, 1, 352.66, 31, 2805, 31456
2026/09/25 21:34:39.588, 0, 401.82, 100, 2865, 31962
2026/09/25 21:34:39.588, 1, 352.56, 71, 2797, 31456
2026/09/25 21:34:40.088, 0, 390.81, 65, 2865, 31962
2026/09/25 21:34:40.088, 1, 370.98, 99, 2790, 31456
2026/09/25 21:34:40.589, 0, 393.23, 12, 2850, 31962
2026/09/25 21:34:40.589, 1, 357.08, 100, 2782, 31456
2026/09/25 21:34:41.089, 0, 384.93, 100, 2865, 31962
2026/09/25 21:34:41.089, 1, 332.74, 12, 2812, 31456
2026/09/25 21:34:41.589, 0, 384.93, 100, 2865, 31962
2026/09/25 21:34:41.589, 1, 332.74, 72, 2812, 31456
2026/09/25 21:34:42.089, 0, 352.08, 34, 2835, 31962
2026/09/25 21:34:42.089, 1, 306.91, 0, 2857, 31456
2026/09/25 21:34:42.590, 0, 307.52, 65, 2865, 31962
2026/09/25 21:34:42.590, 1, 343.47, 100, 2812, 31456
2026/09/25 21:34:43.090, 0, 294.75, 40, 2887, 31962
2026/09/25 21:34:43.090, 1, 293.73, 32, 2827, 31456
2026/09/25 21:34:43.590, 0, 312.80, 0, 2835, 31962
2026/09/25 21:34:43.590, 1, 247.21, 36, 2850, 31456
2026/09/25 21:34:44.090, 0, 312.80, 29, 2835, 31970
2026/09/25 21:34:44.090, 1, 247.21, 54, 2850, 31460
2026/09/25 21:34:44.590, 0, 312.80, 42, 2835, 31970
2026/09/25 21:34:44.591, 1, 247.21, 46, 2850, 31460
2026/09/25 21:34:45.091, 0, 284.99, 44, 2857, 31970
2026/09/25 21:34:45.091, 1, 266.99, 47, 2827, 31460
2026/09/25 21:34:45.591, 0, 284.99, 41, 2857, 31970
2026/09/25 21:34:45.591, 1, 266.99, 45, 2827, 31460
2026/09/25 21:34:46.091, 0, 288.54, 44, 2857, 31970
2026/09/25 21:34:46.091, 1, 272.77, 47, 2827, 31460
2026/09/25 21:34:46.591, 0, 288.54, 41, 2857, 31970
2026/09/25 21:34:46.591, 1, 272.77, 45, 2827, 31460
2026/09/25 21:34:47.091, 0, 290.52, 43, 2857, 31970
2026/09/25 21:34:47.092, 1, 271.82, 47, 2827, 31460
2026/09/25 21:34:47.592, 0, 290.52, 44, 2857, 31970
2026/09/25 21:34:47.592, 1, 271.82, 47, 2827, 31460
2026/09/25 21:34:48.092, 0, 288.83, 43, 2857, 31970
2026/09/25 21:34:48.092, 1, 272.68, 46, 2827, 31460
2026/09/25 21:34:48.592, 0, 288.83, 42, 2857, 31970
2026/09/25 21:34:48.592, 1, 272.68, 45, 2827, 31460
2026/09/25 21:34:49.092, 0, 282.71, 36, 2857, 31970
2026/09/25 21:34:49.092, 1, 268.16, 47, 2827, 31460
2026/09/25 21:34:49.593, 0, 282.71, 44, 2857, 31970
2026/09/25 21:34:49.593, 1, 268.16, 47, 2827, 31460
2026/09/25 21:34:50.093, 0, 286.96, 43, 2857, 31970
2026/09/25 21:34:50.093, 1, 264.75, 45, 2827, 31460
2026/09/25 21:34:50.593, 0, 286.96, 41, 2857, 31970
2026/09/25 21:34:50.593, 1, 264.75, 48, 2827, 31460
